w04,1,1,0,0.09175040000000001,12964509876.0,1.0
w03,1,1,0,0.09175040000000001,12368777971.0,1.0
w02,1,1,0,0.09175040000000001,10276061374.0,1.0
w31,1,1,0,0.09175040000000001,9769973156.0,1.0
w05,1,1,0,0.09175040000000001,9085187625.0,1.0
w10,1,1,0,0.09175040000000001,8792398031.0,1.0
w09,1,1,0,0.09175040000000001,7843830914.0,1.0
w08,1,1,0,0.09175040000000001,7276947223.0,1.0
w04,1,2,0,0.18350080000000002,6501355388.0,1
w03,1,2,0,0.18350080000000002,6202525430.0,1
w14,1,1,0,0.09175040000000001,5404108255.0,1.0
w20,1,1,0,0.09175040000000001,4945829016.0,1.0
w54,1,1,0,0.09175040000000001,4926636867.0,1.0
w31,1,2,0,0.18350080000000002,4885398779.0,1
w21,1,1,0,0.09175040000000001,4736209336.0,1.0
w10,1,2,0,0.18350080000000002,4403228298.0,1
w04,1,3,0,0.27525120000000003,4339282189.666667,1
w03,1,3,0,0.27525120000000003,4140575491.3333335,1
w09,1,2,0,0.18350080000000002,3928089314.0,1
w08,1,2,0,0.18350080000000002,3638672565.5,1
w46,1,1,0,0.09175040000000001,3593925011.0,1.0
w31,1,3,0,0.27525120000000003,3257109559.0,1
w04,1,4,0,0.36700160000000004,3256855705.25,1
w11,1,1,0,0.09175040000000001,3161184126.0,1.0
w03,1,4,0,0.36700160000000004,3107997669.25,1
w10,1,3,0,0.27525120000000003,2939267529.3333335,1
w14,1,2,0,0.18350080000000002,2706546528.0,1
w03,1,5,0,0.45875200000000005,2487876374.4,1
w20,1,2,0,0.18350080000000002,2474025771.0,1
w54,1,2,0,0.18350080000000002,2463606905.0,1
w31,1,4,0,0.36700160000000004,2442943251.25,1
w08,1,3,0,0.27525120000000003,2425846190.0,1
w21,1,2,0,0.18350080000000002,2368281451.5,1
w25,1,1,0,0.09175040000000001,2361647166.0,1.0
w48,1,1,0,0.09175040000000001,2273268196.0,1.0
w10,1,4,0,0.36700160000000004,2206453928.0,1
w13,1,1,0,0.09175040000000001,2157889231.0,1.0
w03,1,6,0,0.5505024000000001,2074160674.1666667,1
w31,1,5,0,0.45875200000000005,1954441863.0,1
w01,1,1,0,0.09175040000000001,1895562165.0,1.0
w14,1,3,0,0.27525120000000003,1805607876.3333333,1
w03,1,7,0,0.6422528000000001,1778477525.5714285,1
w10,1,5,0,0.45875200000000005,1766017168.0,1
w20,1,3,0,0.27525120000000003,1649762977.0,1
w54,1,3,0,0.27525120000000003,1642570446.6666667,1
w31,1,6,0,0.5505024000000001,1628766734.8333333,1
w06,1,1,0,0.09175040000000001,1625683357.0,1.0
w21,1,3,0,0.27525120000000003,1578924034.6666667,1
w09,1,5,0,0.45875200000000005,1576203227.6,3
w34,1,1,0,0.09175040000000001,1566998754.0,1.0
w03,1,8,0,0.7340032000000001,1556611347.375,1
w10,1,6,0,0.5505024000000001,1472138985.3333333,1
w31,1,7,0,0.6422528000000001,1396135521.2857144,1
w03,1,9,0,0.8257536000000001,1383969643.7777777,1
w14,1,4,0,0.36700160000000004,1354812277.25,1
w09,1,6,0,0.5505024000000001,1314821278.8333333,1
w05,1,7,0,0.6422528000000001,1299376619.5714285,6
w53,1,1,0,0.09175040000000001,1295462154.0,1.0
w10,1,7,0,0.6422528000000001,1262098266.0,1
w03,1,10,0,0.9175040000000001,1245807180.9,1
w20,1,4,0,0.36700160000000004,1237549526.75,1
w31,1,8,0,0.7340032000000001,1221654068.0,1
w04,1,11,0,1.0092544,1189852561.6363637,7
w21,1,4,0,0.36700160000000004,1184231957.75,1
w25,1,2,0,0.18350080000000002,1181133536.5,1
w23,1,1,0,0.09175040000000001,1160435311.0,1.0
w05,1,8,0,0.7340032000000001,1137134156.0,1
w48,1,2,0,0.18350080000000002,1136798318.5,1
w03,1,11,0,1.0092544,1132729404.1818182,1
w09,1,7,0,0.6422528000000001,1127938002.0,1
w10,1,8,0,0.7340032000000001,1104520772.5,1
w04,1,12,0,1.1010048000000001,1091360984.25,1
w14,1,5,0,0.45875200000000005,1084222837.6,1
w13,1,2,0,0.18350080000000002,1080539612.5,1
w26,1,1,0,0.09175040000000001,1039949911.0,1.0
w03,1,12,0,1.1010048000000001,1038475426.6666666,1
w05,1,9,0,0.8257536000000001,1010905630.7777778,1
w04,1,13,0,1.1927552000000001,1007946609.3846154,1
w17,1,1,0,0.09175040000000001,990482561.0,1.0
w20,1,5,0,0.45875200000000005,990187432.0,1
w09,1,8,0,0.7340032000000001,987593208.75,1
w10,1,9,0,0.8257536000000001,981919760.6666666,1
w31,1,10,0,0.9175040000000001,977367102.0,2
w03,1,13,0,1.1927552000000001,958712042.0,1
w01,1,2,0,0.18350080000000002,955299096.5,1
w04,1,14,0,1.2845056000000001,936389706.9285715,1
w05,1,10,0,0.9175040000000001,909900250.0,1
w14,1,6,0,0.5505024000000001,903759479.3333334,1
w03,1,14,0,1.2845056000000001,890332966.7857143,1
w10,1,10,0,0.9175040000000001,883813476.0,1
w28,1,1,0,0.09175040000000001,880528932.0,1.0
w09,1,9,0,0.8257536000000001,878327954.8888888,1
w43,1,1,0,0.09175040000000001,877365979.0,1.0
w04,1,15,0,1.3762560000000001,874316900.8666667,1
w03,1,15,0,1.3762560000000001,831061452.0,1
w05,1,11,0,1.0092544,827246383.9090909,1
w20,1,6,0,0.5505024000000001,825263004.5,1
w06,1,2,0,0.18350080000000002,821995620.5,1
w04,1,16,0,1.4680064000000002,819962700.8125,1
w31,1,12,0,1.1010048000000001,814494737.3333334,2
w10,1,11,0,1.0092544,803534005.9090909,1
w64,1,1,0,0.09175040000000001,802614170.0,1.0
w09,1,10,0,0.9175040000000001,790845712.7,1
w21,1,6,0,0.5505024000000001,789532586.6666666,2
w03,1,16,0,1.4680064000000002,779194768.875,1
w14,1,7,0,0.6422528000000001,774818116.1428572,1
w04,1,17,0,1.5597568000000002,771967280.2941177,1
w05,1,12,0,1.1010048000000001,758364792.4166666,1
w48,1,3,0,0.27525120000000003,757952121.3333334,1
w10,1,12,0,1.1010048000000001,736622949.5,1
w94,1,1,0,0.09175040000000001,735947625.0,1.0
w03,1,17,0,1.5597568000000002,733425005.4705882,1
w04,1,18,0,1.6515072000000002,729280974.7222222,1
w09,1,11,0,1.0092544,719236271.0,1
w24,1,1,0,0.09175040000000001,709520261.0,1.0
w49,1,1,0,0.09175040000000001,706649501.0,1.0
w05,1,13,0,1.1927552000000001,700070166.0769231,1
w03,1,18,0,1.6515072000000002,692738717.6111112,1
w04,1,19,0,1.7432576000000002,691069810.0526316,1
w10,1,13,0,1.1927552000000001,680000298.6923077,1
w14,1,8,0,0.7340032000000001,678091308.5,1
w21,1,7,0,0.6422528000000001,676760535.7142857,1
w09,1,12,0,1.1010048000000001,659535838.5,1
w04,1,20,0,1.8350080000000002,656666394.05,1
w03,1,19,0,1.7432576000000002,656331353.0,1
w31,1,15,0,1.3762560000000001,651619971.5333333,3
w05,1,14,0,1.2845056000000001,650097755.3571428,1
w53,1,2,0,0.18350080000000002,648081615.5,1
w01,1,3,0,0.27525120000000003,640226661.6666666,1
w18,1,1,0,0.09175040000000001,633352243.0,1.0
w10,1,14,0,1.2845056000000001,631459956.9285715,1
w04,1,21,0,1.9267584000000002,625535605.7619047,1
w03,1,20,0,1.8350080000000002,623561526.9,1
w65,1,1,0,0.09175040000000001,619570674.0,1.0
w20,1,8,0,0.7340032000000001,619105975.0,2
w09,1,13,0,1.1927552000000001,609004342.6923077,1
w05,1,15,0,1.3762560000000001,606783241.4,1
w16,1,1,0,0.09175040000000001,605171119.0,1.0
w14,1,9,0,0.8257536000000001,602848247.5555556,1
w04,1,22,0,2.0185088,597228056.7727273,1
w03,1,21,0,1.9267584000000002,593909751.1428572,1
w21,1,8,0,0.7340032000000001,592180550.125,1
w10,1,15,0,1.3762560000000001,589388640.2666667,1
w04,1,23,0,2.1102592000000002,571376493.8695652,1
w05,1,16,0,1.4680064000000002,568880801.5,1
w03,1,22,0,2.0185088,566950665.1818181,1
w09,1,14,0,1.2845056000000001,565682227.5,1
w10,1,16,0,1.4680064000000002,552575818.0,1
w20,1,9,0,0.8257536000000001,550381327.3333334,1
w04,1,24,0,2.2020096000000002,547674923.4166666,1
w14,1,10,0,0.9175040000000001,542640449.7,1
w03,1,23,0,2.1102592000000002,542334325.6521739,1
w05,1,17,0,1.5597568000000002,535435845.11764705,1
w11,1,6,0,0.5505024000000001,533768570.0,5
w50,1,1,0,0.09175040000000001,528150267.0,1.0
w09,1,15,0,1.3762560000000001,528124662.6666667,1
w21,1,9,0,0.8257536000000001,526393380.2222222,1
w04,1,25,0,2.2937600000000002,525865214.72,1
w26,1,2,0,0.18350080000000002,520775045.0,1
w10,1,17,0,1.5597568000000002,520093346.35294116,1
w03,1,24,0,2.2020096000000002,519768320.0416667,1
w46,1,7,0,0.6422528000000001,514538292.14285713,6
w31,1,19,0,1.7432576000000002,514458158.4736842,4
w58,1,1,0,0.09175040000000001,509207323.0,1.0
w30,1,1,0,0.09175040000000001,506724505.0,1.0
w04,1,26,0,2.3855104000000003,505729912.5769231,1
w05,1,18,0,1.6515072000000002,505705742.0,1
w03,1,25,0,2.2937600000000002,499005754.92,1
w20,1,10,0,0.9175040000000001,495389234.6,1
w14,1,11,0,1.0092544,493370481.8181818,1
w10,1,18,0,1.6515072000000002,491218383.2777778,1
w31,1,20,0,1.8350080000000002,488738817.85,1
w04,1,27,0,2.4772608000000003,487081833.9259259,1
w01,1,4,0,0.36700160000000004,482340098.5,1
w03,1,26,0,2.3855104000000003,479839367.03846157,1
w05,1,19,0,1.7432576000000002,479103279.8947368,1
w21,1,10,0,0.9175040000000001,473762424.2,1
w25,1,5,0,0.45875200000000005,472597685.8,3
w04,1,28,0,2.5690112000000003,469763146.5714286,1
w09,1,17,0,1.5597568000000002,466252133.0588235,2
w31,1,21,0,1.9267584000000002,465468723.0952381,1
w10,1,19,0,1.7432576000000002,465381560.6315789,1
w03,1,27,0,2.4772608000000003,462092465.0,1
w11,1,7,0,0.6422528000000001,458381296.4285714,1
w61,1,1,0,0.09175040000000001,456341957.0,1.0
w05,1,20,0,1.8350080000000002,455159716.75,1
w04,1,29,0,2.6607616000000003,453636039.6896552,1
w14,1,12,0,1.1010048000000001,452304737.9166667,1
w20,1,11,0,1.0092544,450388302.8181818,1
w46,1,8,0,0.7340032000000001,450288341.75,1
w03,1,28,0,2.5690112000000003,445612100.1785714,1
w10,1,20,0,1.8350080000000002,442127581.8,1
w43,1,2,0,0.18350080000000002,441321287.5,1
w15,1,1,0,0.09175040000000001,440889530.0,1.0
w28,1,2,0,0.18350080000000002,440484535.0,1
w09,1,18,0,1.6515072000000002,440467684.8333333,1
w04,1,30,0,2.7525120000000003,438580878.1333333,1
w42,1,1,0,0.09175040000000001,436636508.0,1.0
w53,1,3,0,0.27525120000000003,432287212.3333333,1
w21,1,11,0,1.0092544,430700041.1818182,1
w03,1,29,0,2.6607616000000003,430267521.20689654,1
w35,1,1,0,0.09175040000000001,429881267.0,1.0
w31,1,23,0,2.1102592000000002,424997924.04347825,2
w51,1,1,0,0.09175040000000001,424667457.0,1.0
w04,1,31,0,2.8442624000000003,424494053.2580645,1
w10,1,21,0,1.9267584000000002,421087350.3333333,1
w14,1,13,0,1.1927552000000001,417554612.3076923,1
w09,1,19,0,1.7432576000000002,417392257.94736844,1
w03,1,30,0,2.7525120000000003,415944700.7,1
w20,1,12,0,1.1010048000000001,412883940.5,1
w04,1,32,0,2.9360128000000003,411284900.0,1
w32,1,1,0,0.09175040000000001,405516262.0,1.0
w03,1,31,0,2.8442624000000003,402544653.67741936,1
w64,1,2,0,0.18350080000000002,401825274.0,1
w11,1,8,0,0.7340032000000001,401543455.375,1
w46,1,9,0,0.8257536000000001,400298555.7777778,1
w04,1,33,0,3.0277632000000003,398873968.72727275,1
w09,1,20,0,1.8350080000000002,396623669.1,1
w05,1,23,0,2.1102592000000002,395818210.7826087,3
w21,1,12,0,1.1010048000000001,394814193.3333333,1
w25,1,6,0,0.5505024000000001,393866307.1666667,1
w03,1,32,0,2.9360128000000003,389981071.75,1
w14,1,14,0,1.2845056000000001,387763428.28571427,1
w01,1,5,0,0.45875200000000005,387434052.8,1
w04,1,34,0,3.1195136000000003,387191349.0294118,1
w10,1,23,0,2.1102592000000002,384494415.3043478,2
w20,1,13,0,1.1927552000000001,381148389.46153843,1
w05,1,24,0,2.2020096000000002,379333405.6666667,1
w03,1,33,0,3.0277632000000003,378178595.2121212,1
w09,1,21,0,1.9267584000000002,377828336.47619045,1
w04,1,35,0,3.2112640000000003,376174326.48571426,1
w22,1,1,0,0.09175040000000001,368426452.0,1.0
w03,1,34,0,3.1195136000000003,367069856.4705882,1
w04,1,36,0,3.3030144000000004,365768490.75,1
w05,1,25,0,2.2937600000000002,364166694.8,1
w31,1,27,0,2.4772608000000003,362043052.2962963,4
w09,1,22,0,2.0185088,360738057.40909094,1
w46,1,10,0,0.9175040000000001,360303462.9,1
w29,1,1,0,0.09175040000000001,360054195.0,1.0
w03,1,35,0,3.2112640000000003,356595431.6857143,1
w24,1,2,0,0.18350080000000002,356024894.5,1
w04,1,37,0,3.3947648000000004,355922980.4324324,1
w49,1,2,0,0.18350080000000002,354276756.5,1
w20,1,14,0,1.2845056000000001,353944497.0714286,1
w05,1,26,0,2.3855104000000003,350166630.5769231,1
w31,1,28,0,2.5690112000000003,349114406.89285713,1
w27,1,1,0,0.09175040000000001,347756405.0,1.0
w90,1,1,0,0.09175040000000001,347627672.0,1.0
w26,1,3,0,0.27525120000000003,347433218.6666667,1
w03,1,36,0,3.3030144000000004,346702833.3333333,1
w04,1,38,0,3.4865152000000004,346592977.84210527,1
w09,1,23,0,2.1102592000000002,345128991.73913044,1
w10,1,26,0,2.3855104000000003,340157237.11538464,3
w04,1,39,0,3.5782656000000004,337740075.0,1
w03,1,37,0,3.3947648000000004,337344824.0810811,1
w05,1,27,0,2.4772608000000003,337203372.5185185,1
w38,1,1,0,0.09175040000000001,333129182.0,1.0
w09,1,24,0,2.2020096000000002,330814675.875,1
w04,1,40,0,3.6700160000000004,329328258.4,1
w03,1,38,0,3.4865152000000004,328478916.84210527,1
w10,1,27,0,2.4772608000000003,327566372.1111111,1
w31,1,30,0,2.7525120000000003,325841966.9,2
w05,1,28,0,2.5690112000000003,325165831.10714287,1
w53,1,4,0,0.36700160000000004,324336674.75,1
w01,1,6,0,0.5505024000000001,323956874.3333333,1
w04,1,41,0,3.7617664000000004,321325871.3902439,1
w63,1,1,0,0.09175040000000001,320517061.0,1.0
w03,1,39,0,3.5782656000000004,320066953.6666667,1
w09,1,25,0,2.2937600000000002,317640782.56,1
w45,1,1,0,0.09175040000000001,317321514.0,1.0
w10,1,28,0,2.5690112000000003,315874564.4285714,1
w21,1,15,0,1.3762560000000001,315864261.8666667,3
w05,1,29,0,2.6607616000000003,313958325.5862069,1
w04,1,42,0,3.8535168000000004,313703201.9285714,1
w03,1,40,0,3.6700160000000004,312075483.775,1
w65,1,2,0,0.18350080000000002,309937889.5,1
w20,1,16,0,1.4680064000000002,309736006.375,2
w66,1,1,0,0.09175040000000001,309005158.0,1.0
w04,1,43,0,3.9452672000000004,306434512.25581396,1
w09,1,26,0,2.3855104000000003,305475405.7307692,1
w10,1,29,0,2.6607616000000003,304988715.13793105,1
w05,1,30,0,2.7525120000000003,303497862.1666667,1
w46,1,12,0,1.1010048000000001,300300597.75,2
w04,1,44,0,4.0370176,299495235.25,1
w39,1,1,0,0.09175040000000001,299100762.0,1.0
w33,1,1,0,0.09175040000000001,297261339.0,1.0
w21,1,16,0,1.4680064000000002,296126771.4375,1
w69,1,1,0,0.09175040000000001,295090086.0,1.0
w10,1,30,0,2.7525120000000003,294828146.1666667,1
w43,1,3,0,0.27525120000000003,294482252.0,1
w09,1,27,0,2.4772608000000003,294206107.7037037,1
w04,1,45,0,4.128768000000001,292863786.62222224,1
w75,1,1,0,0.09175040000000001,292704145.0,1.0
w36,1,1,0,0.09175040000000001,291945761.0,1.0
w20,1,17,0,1.5597568000000002,291529119.8235294,1
w23,1,4,0,0.36700160000000004,291294101.25,3
w47,1,1,0,0.09175040000000001,291211925.0,1.0
w04,1,46,0,4.2205184000000004,286519675.45652175,1
w10,1,31,0,2.8442624000000003,285322844.9032258,1
w40,1,1,0,0.09175040000000001,284674934.0,1.0
w05,1,32,0,2.9360128000000003,284537925.875,2
w09,1,28,0,2.5690112000000003,283739408.5714286,1
w85,1,1,0,0.09175040000000001,281313378.0,1.0
w04,1,47,0,4.3122688,280444553.19148934,1
w31,1,35,0,3.2112640000000003,279296353.1142857,5
w01,1,7,0,0.6422528000000001,278456018.85714287,1
w10,1,32,0,2.9360128000000003,276411507.5625,1
w41,1,1,0,0.09175040000000001,276390811.0,1.0
w20,1,18,0,1.6515072000000002,275342541.6666667,1
w04,1,48,0,4.4040192000000005,274622206.5416667,1
w09,1,29,0,2.6607616000000003,273991044.9655172,1
w70,1,1,0,0.09175040000000001,273279290.0,1.0
w31,1,36,0,3.3030144000000004,271538741.3611111,1
w04,1,49,0,4.495769600000001,269036767.5714286,1
w68,1,1,0,0.09175040000000001,268496286.0,1.0
w64,1,3,0,0.27525120000000003,268127599.0,1
w09,1,30,0,2.7525120000000003,264890352.56666666,1
w04,1,50,0,4.5875200000000005,263674092.24,1
w20,1,19,0,1.7432576000000002,260858471.63157895,1
w26,1,4,0,0.36700160000000004,260702488.75,1
w53,1,5,0,0.45875200000000005,259514079.4,1
w58,1,2,0,0.18350080000000002,258988195.5,1
w04,1,51,0,4.6792704,258520935.70588234,1
w09,1,31,0,2.8442624000000003,256374381.48387095,1
w84,1,1,0,0.09175040000000001,253743722.0,1.0
w04,1,52,0,4.7710208000000005,253565451.21153846,1
w05,1,36,0,3.3030144000000004,252936227.41666666,4
w10,1,35,0,3.2112640000000003,252732509.25714287,3
w08,1,29,0,2.6607616000000003,251118765.41379312,26
w04,1,53,0,4.862771200000001,248796917.33962265,1
w09,1,32,0,2.9360128000000003,248389150.5,1
w20,1,20,0,1.8350080000000002,247822685.05,1
w05,1,37,0,3.3947648000000004,246103307.6216216,1
w10,1,36,0,3.3030144000000004,245716086.44444445,1
w60,1,1,0,0.09175040000000001,245265010.0,1.0
w01,1,8,0,0.7340032000000001,244227945.625,1
w04,1,54,0,4.9545216000000005,244204365.0,1
w92,1,1,0,0.09175040000000001,244072363.0,1.0
w08,1,30,0,2.7525120000000003,242753568.93333334,1
w06,1,7,0,0.6422528000000001,242453078.57142857,5
w09,1,33,0,3.0277632000000003,240886239.24242425,1
w46,1,15,0,1.3762560000000001,240291473.0,3
w78,1,1,0,0.09175040000000001,240221556.0,1.0
w04,1,55,0,5.046272,239778651.78181818,1
w05,1,38,0,3.4865152000000004,239629764.34210527,1
w10,1,37,0,3.3947648000000004,239078817.35135135,1
w24,1,3,0,0.27525120000000003,237914608.0,1
w49,1,3,0,0.27525120000000003,236702488.33333334,1
w20,1,21,0,1.9267584000000002,236028238.2857143,1
w04,1,56,0,5.1380224000000005,235510611.73214287,1
w08,1,31,0,2.8442624000000003,234927578.16129032,1
w93,1,1,0,0.09175040000000001,234018882.0,1.0
w09,1,34,0,3.1195136000000003,233823343.0882353,1
w05,1,39,0,3.5782656000000004,233487979.97435898,1
w23,1,5,0,0.45875200000000005,233274752.4,1
w10,1,38,0,3.4865152000000004,232790865.47368422,1
w04,1,57,0,5.229772800000001,231392048.68421054,1
w61,1,2,0,0.18350080000000002,228807685.5,1
w81,1,1,0,0.09175040000000001,228624763.0,1.0
w08,1,32,0,2.9360128000000003,227590697.59375,1
w04,1,58,0,5.321523200000001,227415374.74137932,1
w09,1,35,0,3.2112640000000003,227163669.02857143,1
w20,1,22,0,2.0185088,225305723.04545453,1
w59,1,1,0,0.09175040000000001,223859389.0,1.0
w04,1,59,0,5.4132736,223573294.0338983,1
w51,1,2,0,0.18350080000000002,223282562.5,1
w05,1,41,0,3.7617664000000004,222103044.31707317,2
w10,1,40,0,3.6700160000000004,221157905.525,2
w43,1,4,0,0.36700160000000004,221057758.25,1
w09,1,36,0,3.3030144000000004,220872652.58333334,1
w08,1,33,0,3.0277632000000003,220696290.78787878,1
w15,1,2,0,0.18350080000000002,220490316.0,1
w42,1,2,0,0.18350080000000002,218799243.5,1
w01,1,9,0,0.8257536000000001,217544899.1111111,1
w53,1,6,0,0.5505024000000001,216290835.5,1
w04,1,61,0,5.596774400000001,216266943.6557377,2
w57,1,1,0,0.09175040000000001,215839823.0,1.0
w21,1,22,0,2.0185088,215381571.8181818,6
w09,1,37,0,3.3947648000000004,214920974.75675675,1
w06,1,8,0,0.7340032000000001,213140850.875,1
w04,1,62,0,5.688524800000001,212790036.19354838,1
w46,1,17,0,1.5597568000000002,212051777.4117647,2
w05,1,43,0,3.9452672000000004,211777147.6511628,2
w56,1,1,0,0.09175040000000001,210300238.0,1.0
w04,1,63,0,5.7802752,209423114.04761904,1
w09,1,38,0,3.4865152000000004,209281773.21052632,1
w26,1,5,0,0.45875200000000005,208647223.0,1
w08,1,35,0,3.2112640000000003,208089293.45714286,2
w65,1,3,0,0.27525120000000003,206695133.33333334,1
w20,1,24,0,2.2020096000000002,206540682.66666666,2
w21,1,23,0,2.1102592000000002,206019593.6956522,1
w09,1,39,0,3.5782656000000004,203931162.17948717,1
w32,1,2,0,0.18350080000000002,203307952.0,1
w04,1,65,0,5.963776000000001,202999726.8923077,2
w05,1,45,0,4.128768000000001,202368711.13333333,2
w64,1,4,0,0.36700160000000004,201178550.5,1
w37,1,1,0,0.09175040000000001,200442966.0,1.0
w04,1,66,0,6.055526400000001,199933647.6969697,1
w44,1,1,0,0.09175040000000001,199730381.0,1.0
w31,1,49,0,4.495769600000001,199503580.6530612,13
w09,1,40,0,3.6700160000000004,198848080.975,1
w20,1,25,0,2.2937600000000002,198283823.76,1
w21,1,24,0,2.2020096000000002,197437674.91666666,1
w04,1,67,0,6.1472768,196958843.98507464,1
w10,1,45,0,4.128768000000001,196599005.42222223,5
w01,1,10,0,0.9175040000000001,196150312.9,1
w99,1,1,0,0.09175040000000001,195516236.0,1.0
w09,1,41,0,3.7617664000000004,194012152.24390244,1
w05,1,47,0,4.3122688,193760869.91489363,2
w08,1,38,0,3.4865152000000004,191666417.34210527,3
w04,1,69,0,6.330777600000001,191267526.9710145,2
w06,1,9,0,0.8257536000000001,190102210.2222222,1
w46,1,19,0,1.7432576000000002,189754638.0526316,2
w05,1,48,0,4.4040192000000005,189725805.54166666,1
w21,1,25,0,2.2937600000000002,189542178.48,1
w09,1,42,0,3.8535168000000004,189406287.76190478,1
w10,1,47,0,4.3122688,188238257.3617021,2
w53,1,7,0,0.6422528000000001,185414743.7142857,1
w09,1,43,0,3.9452672000000004,185014008.5348837,1
w94,1,4,0,0.36700160000000004,184577966.25,3
w22,1,2,0,0.18350080000000002,184380256.0,1
w20,1,27,0,2.4772608000000003,183604506.4074074,2
w04,1,72,0,6.606028800000001,183322670.68055555,3
w21,1,26,0,2.3855104000000003,182253949.6153846,1
w25,1,13,0,1.1927552000000001,181893212.3846154,7
w09,1,44,0,4.0370176,180821179.0,1
w04,1,73,0,6.697779200000001,180819208.71232876,1
w10,1,49,0,4.495769600000001,180559965.6530612,2
w24,1,4,0,0.36700160000000004,178747141.75,1
w01,1,11,0,1.0092544,178602294.54545453,1
w05,1,51,0,4.6792704,178569929.37254903,3
w87,1,1,0,0.09175040000000001,178166935.0,1.0
w49,1,4,0,0.36700160000000004,177846622.75,1
w20,1,28,0,2.5690112000000003,177051190.89285713,1
w50,1,3,0,0.27525120000000003,176151225.66666666,2
w04,1,75,0,6.88128,176012052.69333333,2
w05,1,52,0,4.7710208000000005,175137245.19230768,1
w58,1,3,0,0.27525120000000003,173707282.33333334,1
w04,1,76,0,6.973030400000001,173703225.46052632,1
w09,1,46,0,4.2205184000000004,172981901.67391303,2
w77,1,1,0,0.09175040000000001,171911796.0,1.0
w05,1,53,0,4.862771200000001,171834033.96226415,1
w06,1,10,0,0.9175040000000001,171658917.1,1
w10,1,52,0,4.7710208000000005,170149036.30769232,3
w86,1,1,0,0.09175040000000001,169519356.0,1.0
w08,1,43,0,3.9452672000000004,169385957.97674417,5
w09,1,47,0,4.3122688,169311841.06382978,1
w21,1,28,0,2.5690112000000003,169239203.7142857,2
w82,1,1,0,0.09175040000000001,169159269.0,1.0
w105,1,1,0,0.09175040000000001,169055034.0,1.0
w05,1,54,0,4.9545216000000005,168653148.53703704,1
w38,1,2,0,0.18350080000000002,168237038.5,1
w09,1,48,0,4.4040192000000005,165794658.625,1
w05,1,55,0,5.046272,165587900.92727274,1
w08,1,44,0,4.0370176,165537367.5681818,1
w01,1,12,0,1.1010048000000001,163952768.08333334,1
w21,1,29,0,2.6607616000000003,163404991.93103448,1
w04,1,81,0,7.431782400000001,163013617.56790122,5
w05,1,56,0,5.1380224000000005,162632107.26785713,1
w104,1,1,0,0.09175040000000001,162491959.0,1.0
w09,1,49,0,4.495769600000001,162420360.16326532,1
w04,1,82,0,7.523532800000001,161031827.74390244,1
w64,1,5,0,0.45875200000000005,160973417.4,1
w63,1,2,0,0.18350080000000002,160578678.5,1
w45,1,2,0,0.18350080000000002,159311920.5,1
w10,1,56,0,5.1380224000000005,158002901.55357143,4
w21,1,30,0,2.7525120000000003,157959665.1,1
w04,1,84,0,7.707033600000001,157209354.0952381,2
w06,1,11,0,1.0092544,156477678.63636363,1
w09,1,51,0,4.6792704,156068225.50980392,2
w66,1,2,0,0.18350080000000002,155746251.0,1
w65,1,4,0,0.36700160000000004,155060887.75,1
w08,1,47,0,4.3122688,154974069.93617022,3
w05,1,59,0,5.4132736,154365789.01694915,3
w04,1,86,0,7.890534400000001,153564551.45348838,2
w09,1,52,0,4.7710208000000005,153075247.09615386,1
w21,1,31,0,2.8442624000000003,152865569.80645162,1
w04,1,87,0,7.9822848,151804945.1724138,1
w05,1,60,0,5.505024000000001,151793973.88333333,1
w01,1,13,0,1.1927552000000001,151533354.46153846,1
w09,1,53,0,4.862771200000001,150195126.0943396,1
w04,1,88,0,8.0740352,150085126.48863637,1
w52,1,1,0,0.09175040000000001,149935695.0,1.0
w39,1,2,0,0.18350080000000002,149761031.5,1
w51,1,3,0,0.27525120000000003,149689986.33333334,1
w05,1,61,0,5.596774400000001,149306436.24590164,1
w04,1,89,0,8.165785600000001,148403871.28089887,1
w94,1,5,0,0.45875200000000005,147705752.2,1
w10,1,60,0,5.505024000000001,147475743.2,4
w09,1,54,0,4.9545216000000005,147421591.33333334,1
w15,1,3,0,0.27525120000000003,147010457.0,1
w05,1,62,0,5.688524800000001,146899128.19354838,1
w47,1,2,0,0.18350080000000002,146237791.5,1
w42,1,3,0,0.27525120000000003,146055589.0,1
w10,1,61,0,5.596774400000001,145059587.47540984,1
w09,1,55,0,5.046272,144748829.36363637,1
w05,1,63,0,5.7802752,144568239.06349206,1
w06,1,12,0,1.1010048000000001,143742292.41666666,1
w04,1,92,0,8.441036800000001,143579319.25,3
w24,1,5,0,0.45875200000000005,143181109.6,1
w67,1,1,0,0.09175040000000001,142653097.0,1.0
w40,1,2,0,0.18350080000000002,142534406.5,1
w49,1,5,0,0.45875200000000005,142499358.2,1
w09,1,56,0,5.1380224000000005,142171495.23214287,1
w04,1,93,0,8.532787200000001,142040212.51612905,1
w62,1,1,0,0.09175040000000001,141901593.0,1.0
w11,1,23,0,2.1102592000000002,141487368.17391303,15
w97,1,1,0,0.09175040000000001,141380694.0,1.0
w01,1,14,0,1.2845056000000001,140877504.85714287,1
w10,1,63,0,5.7802752,140457119.7936508,2
w05,1,65,0,5.963776000000001,140121610.7846154,2
w98,1,1,0,0.09175040000000001,139789603.0,1.0
w09,1,57,0,5.229772800000001,139684400.0877193,1
w04,1,95,0,8.716288,139059031.83157894,2
w41,1,2,0,0.18350080000000002,138390287.0,1
w10,1,64,0,5.872025600000001,138263651.53125,1
w05,1,66,0,6.055526400000001,137999303.45454547,1
w04,1,96,0,8.808038400000001,137614937.10416666,1
w08,1,53,0,4.862771200000001,137434778.4528302,6
w09,1,58,0,5.321523200000001,137283016.03448275,1
w79,1,1,0,0.09175040000000001,137119663.0,1.0
w04,1,97,0,8.899788800000001,136200610.03092784,1
w05,1,67,0,6.1472768,135940328.49253732,1
w32,1,3,0,0.27525120000000003,135720912.0,1
w11,1,24,0,2.2020096000000002,135707419.875,1
w21,1,35,0,3.2112640000000003,135399701.7142857,4
w09,1,59,0,5.4132736,134962627.1355932,1
w08,1,54,0,4.9545216000000005,134890496.24074075,1
w04,1,98,0,8.991539200000002,134815064.90816328,1
w68,1,2,0,0.18350080000000002,134659325.0,1
w64,1,6,0,0.5505024000000001,134160263.0,1
w10,1,66,0,6.055526400000001,134076051.10606061,2
w04,1,99,0,9.0832896,133457395.82828283,1
w09,1,60,0,5.505024000000001,132719545.0,1
w04,1,100,0,9.175040000000001,132126849.99,1
w05,1,69,0,6.330777600000001,132001351.44927536,2
w01,1,15,0,1.3762560000000001,131629561.93333334,1
w72,1,1,0,0.09175040000000001,130922501.0,1.0
w58,1,4,0,0.36700160000000004,130774669.75,1
w09,1,61,0,5.596774400000001,130549643.49180327,1
w10,1,68,0,6.239027200000001,130134756.08823529,2
w53,1,10,0,0.9175040000000001,129834957.7,3
w04,1,102,0,9.3585408,129543930.11764705,2
w91,1,1,0,0.09175040000000001,129189246.0,1.0
w09,1,62,0,5.688524800000001,128449713.51612903,1
w04,1,103,0,9.4502912,128290014.02912621,1
w31,1,77,0,7.064780800000001,126962467.51948053,28
w09,1,63,0,5.7802752,126416381.53968254,1
w04,1,105,0,9.633792000000001,125853505.16190477,2
w11,1,26,0,2.3855104000000003,125476132.8076923,2
w31,1,78,0,7.156531200000001,125334939.62820514,1
w21,1,38,0,3.4865152000000004,124713155.57894737,3
w09,1,64,0,5.872025600000001,124446511.953125,1
w65,1,5,0,0.45875200000000005,124075732.4,1
w01,1,16,0,1.4680064000000002,123522971.9375,1
w88,1,1,0,0.09175040000000001,123168586.0,1.0
w31,1,80,0,7.340032000000001,122201941.65,2
w92,1,2,0,0.18350080000000002,122106100.0,1
w80,1,1,0,0.09175040000000001,122074305.0,1.0
w21,1,39,0,3.5782656000000004,121516147.15384616,1
w11,1,27,0,2.4772608000000003,120926350.81481482,1
w09,1,66,0,6.055526400000001,120685817.54545455,2
w46,1,30,0,2.7525120000000003,120250263.0,11
w04,1,110,0,10.092544,120149723.32727273,5
w24,1,6,0,0.5505024000000001,119434375.16666667,1
w49,1,6,0,0.5505024000000001,118912564.83333333,1
w09,1,67,0,6.1472768,118889447.53731343,1
w05,1,77,0,7.064780800000001,118291377.63636364,8
w53,1,11,0,1.0092544,118044599.0,1
w04,1,112,0,10.276044800000001,118010601.875,2
w09,1,68,0,6.239027200000001,117145831.98529412,1
w03,1,107,0,9.8172928,116916323.93457943,67
w11,1,28,0,2.5690112000000003,116699381.82142857,1
w46,1,31,0,2.8442624000000003,116376821.90322581,1
w01,1,17,0,1.5597568000000002,116357910.70588236,1
w96,1,1,0,0.09175040000000001,115962590.0,1.0
w04,1,114,0,10.459545600000002,115946298.5,2
w03,1,108,0,9.909043200000001,115837493.80555555,1
w21,1,41,0,3.7617664000000004,115589955.14634146,2
w09,1,69,0,6.330777600000001,115452567.68115942,1
w04,1,115,0,10.551296,114941035.94782609,1
w03,1,109,0,10.000793600000002,114778335.94495413,1
w81,1,2,0,0.18350080000000002,114494909.5,1
w04,1,116,0,10.643046400000001,113953089.87931034,1
w09,1,70,0,6.422528000000001,113807586.97142857,1
w38,1,3,0,0.27525120000000003,112986228.0,1
w04,1,117,0,10.734796800000002,112982012.63247864,1
w21,1,42,0,3.8535168000000004,112838439.42857143,1
w11,1,29,0,2.6607616000000003,112758091.55172414,1
w03,1,111,0,10.1842944,112716996.7927928,2
w59,1,2,0,0.18350080000000002,112513372.0,1
w51,1,4,0,0.36700160000000004,112480668.0,1
w09,1,71,0,6.5142784,112208893.36619718,1
w04,1,118,0,10.8265472,112027348.89830509,1
w03,1,112,0,10.276044800000001,111713717.91964285,1
w95,1,1,0,0.09175040000000001,111603723.0,1.0
w04,1,119,0,10.9182976,111088708.44537815,1
w05,1,82,0,7.523532800000001,111080951.18292683,5
w03,1,113,0,10.367795200000002,110728127.25663717,1
w09,1,72,0,6.606028800000001,110654546.72222222,1
w15,1,4,0,0.36700160000000004,110266464.25,1
w21,1,43,0,3.9452672000000004,110214888.13953489,1
w01,1,18,0,1.6515072000000002,109984232.5,1
w03,1,114,0,10.459545600000002,109759712.4736842,1
w05,1,83,0,7.6152832,109743107.43373494,1
w46,1,33,0,3.0277632000000003,109332990.27272727,2
w10,1,81,0,7.431782400000001,109259632.0,13
w09,1,73,0,6.697779200000001,109142581.36986302,1
w11,1,30,0,2.7525120000000003,109072973.06666666,1
w57,1,2,0,0.18350080000000002,108930910.0,1
w03,1,115,0,10.551296,108808112.85217391,1
w04,1,122,0,11.193548800000002,108364831.58196722,3
w03,1,116,0,10.643046400000001,107872751.86206897,1
w04,1,123,0,11.2852992,107486295.300813,1
w63,1,3,0,0.27525120000000003,107200356.33333333,1
w03,1,117,0,10.734796800000002,106953351.12820514,1
w56,1,2,0,0.18350080000000002,106385130.5,1
w09,1,75,0,6.88128,106239372.65333334,2
w46,1,34,0,3.1195136000000003,106121347.20588236,1
w11,1,31,0,2.8442624000000003,105624014.58064516,1
w03,1,119,0,10.9182976,105160769.38655463,2
w58,1,5,0,0.45875200000000005,104990340.0,1
w05,1,87,0,7.9822848,104699198.83908045,4
w83,1,1,0,0.09175040000000001,104575644.0,1.0
w26,1,10,0,0.9175040000000001,104530701.0,5
w03,1,120,0,11.010048000000001,104286825.65,1
w01,1,19,0,1.7432576000000002,104275602.5263158,1
w04,1,127,0,11.6523008,104110438.75590551,4
w66,1,3,0,0.27525120000000003,104099377.66666667,1
w74,1,1,0,0.09175040000000001,103779498.0,1.0
w05,1,88,0,8.0740352,103509845.13636364,1
w03,1,121,0,11.101798400000002,103427294.63636364,1
w65,1,6,0,0.5505024000000001,103416162.5,1
w04,1,128,0,11.744051200000001,103299391.359375,1
w03,1,122,0,11.193548800000002,102581795.23770492,1
w04,1,129,0,11.835801600000002,102500863.36434108,1
w24,1,7,0,0.6422528000000001,102450012.57142857,1
w11,1,32,0,2.9360128000000003,102387828.71875,1
w09,1,78,0,7.156531200000001,102163288.3076923,3
w49,1,7,0,0.6422528000000001,102056490.57142857,1
w32,1,4,0,0.36700160000000004,101865260.25,1
w03,1,123,0,11.2852992,101749982.98373984,1
w37,1,2,0,0.18350080000000002,101017779.5,1
w04,1,131,0,12.0193024,100940226.84732825,2
w03,1,124,0,11.377049600000001,100931564.0,1
w09,1,79,0,7.2482816,100873320.3670886,1
w31,1,97,0,8.899788800000001,100787590.35051547,17
w55,1,1,0,0.09175040000000001,100573864.0,1.0
w44,1,2,0,0.18350080000000002,99967469.5,1
w89,1,1,0,0.09175040000000001,99610803.0,1.0
w03,1,126,0,11.5605504,99333688.92063493,2
w01,1,20,0,1.8350080000000002,99135937.6,1
w21,1,48,0,4.4040192000000005,98736694.47916667,5
w03,1,127,0,11.6523008,98553604.5984252,1
w09,1,81,0,7.431782400000001,98388846.90123457,2
w99,1,2,0,0.18350080000000002,97793378.0,1
w03,1,128,0,11.744051200000001,97785614.0390625,1
w04,1,136,0,12.478054400000001,97239349.52941176,5
w09,1,82,0,7.523532800000001,97192044.25609756,1
w05,1,94,0,8.6245376,96904938.21276596,6
w71,1,1,0,0.09175040000000001,96822693.0,1.0
w04,1,137,0,12.569804800000002,96531557.44525547,1
w11,1,34,0,3.1195136000000003,96486064.44117647,2
w03,1,130,0,11.927552000000002,96284975.5,2
w09,1,83,0,7.6152832,96023977.03614458,1
w05,1,95,0,8.716288,95885233.18947369,1
w04,1,138,0,12.661555200000002,95834013.77536231,1
w03,1,131,0,12.0193024,95551829.99236642,1
w54,1,52,0,4.7710208000000005,95226484.13461539,49
w04,1,139,0,12.753305600000001,95146481.92805755,1
w26,1,11,0,1.0092544,95063008.36363636,1
w09,1,84,0,7.707033600000001,94883620.91666667,1
w03,1,132,0,12.111052800000001,94829781.97727273,1
w25,1,25,0,2.2937600000000002,94658926.68,12
w01,1,21,0,1.9267584000000002,94480717.42857143,1
w04,1,140,0,12.845056000000001,94468678.47142857,1
w03,1,133,0,12.202803200000002,94118584.90977444,1
w85,1,3,0,0.27525120000000003,93828427.33333333,2
w54,1,53,0,4.862771200000001,93438176.28301887,1
w03,1,134,0,12.2945536,93417899.20895523,1
w04,1,142,0,13.0285568,93141689.12676056,2
w09,1,86,0,7.890534400000001,92682324.04651164,2
w41,1,3,0,0.27525120000000003,92317812.0,1
w03,1,136,0,12.478054400000001,92047388.96323529,2
w03,1,137,0,12.569804800000002,91377129.98540147,1
w11,1,36,0,3.3030144000000004,91236994.16666667,2
w04,1,145,0,13.303808000000002,91219797.34482759,3
w05,1,100,0,9.175040000000001,91092495.49,5
w14,1,60,0,5.505024000000001,90822503.96666667,46
w03,1,138,0,12.661555200000002,90716549.42753623,1
w73,1,1,0,0.09175040000000001,90283368.0,1.0
w01,1,22,0,2.0185088,90247473.0,1
w46,1,40,0,3.6700160000000004,90223241.5,6
w51,1,5,0,0.45875200000000005,90144065.0,1
w54,1,55,0,5.046272,90054805.47272727,2
w24,1,8,0,0.7340032000000001,89698578.375,1
w09,1,89,0,8.165785600000001,89565751.62921348,3
w87,1,2,0,0.18350080000000002,89449646.5,1
w21,1,53,0,4.862771200000001,89424128.43396227,5
w49,1,8,0,0.7340032000000001,89389615.0,1
w65,1,7,0,0.6422528000000001,88659162.0,1
w09,1,90,0,8.257536000000002,88572966.24444444,1
w54,1,56,0,5.1380224000000005,88453669.44642857,1
w28,1,10,0,0.9175040000000001,88376101.4,8
w14,1,62,0,5.688524800000001,87906766.16129032,2
w58,1,6,0,0.5505024000000001,87702905.66666667,1
w06,1,20,0,1.8350080000000002,87638775.55,8
w09,1,91,0,8.3492864,87601973.78021978,1
w26,1,12,0,1.1010048000000001,87170632.08333333,1
w05,1,105,0,9.633792000000001,86756121.32380952,5
w14,1,63,0,5.7802752,86517924.84126984,1
w01,1,23,0,2.1102592000000002,86381954.39130434,1
w77,1,2,0,0.18350080000000002,86139467.5,1
w09,1,93,0,8.532787200000001,85722369.84946236,2
w54,1,58,0,5.321523200000001,85414945.87931034,2
w38,1,4,0,0.36700160000000004,85197776.5,1
w14,1,64,0,5.872025600000001,85171884.140625,1
w09,1,94,0,8.6245376,84812558.36170213,1
w04,1,156,0,14.313062400000002,84804866.76282051,11
w86,1,2,0,0.18350080000000002,84797530.0,1
w11,1,39,0,3.5782656000000004,84365649.92307693,3
w09,1,95,0,8.716288,83921850.61052631,1
w14,1,65,0,5.963776000000001,83867179.2,1
w06,1,21,0,1.9267584000000002,83602824.0,1
w04,1,159,0,14.588313600000001,83209218.3899371,3
w21,1,57,0,5.229772800000001,83150334.10526316,4
w09,1,96,0,8.808038400000001,83049681.77083333,1
w01,1,24,0,2.2020096000000002,82834931.20833333,1
w04,1,160,0,14.680064000000002,82690611.55625,1
w14,1,66,0,6.055526400000001,82601700.48484848,1
w11,1,40,0,3.6700160000000004,82300893.975,1
w04,1,161,0,14.771814400000002,82178438.88198757,1
w31,1,119,0,10.9182976,82156506.84873949,22
w04,1,162,0,14.863564800000002,81672546.70987654,1
w32,1,5,0,0.45875200000000005,81529577.4,1
w14,1,67,0,6.1472768,81373811.88059701,1
w09,1,98,0,8.991539200000002,81358733.51020408,2
w54,1,61,0,5.596774400000001,81228676.19672132,3
w53,1,16,0,1.4680064000000002,81192259.75,5
w04,1,163,0,14.955315200000001,81172849.398773,1
w04,1,164,0,15.047065600000002,80679227.10365854,1
w09,1,99,0,9.0832896,80538879.65656565,1
w63,1,4,0,0.36700160000000004,80499761.25,1
w26,1,13,0,1.1927552000000001,80489824.84615384,1
w21,1,59,0,5.4132736,80332384.13559322,2
w04,1,165,0,15.138816000000002,80191585.8,1
w14,1,68,0,6.239027200000001,80181447.70588236,1
w06,1,22,0,2.0185088,79896466.5909091,1
w24,1,9,0,0.8257536000000001,79770694.0,1
w01,1,25,0,2.2937600000000002,79571245.8,1
w14,1,69,0,6.330777600000001,79023634.01449275,1
w21,1,60,0,5.505024000000001,78993799.98333333,1
w09,1,101,0,9.266790400000001,78947748.27722773,2
w04,1,168,0,15.414067200000002,78763488.13690476,3
w23,1,15,0,1.3762560000000001,78489836.53333333,10
w11,1,42,0,3.8535168000000004,78465780.85714285,2
w09,1,102,0,9.3585408,78175578.78431372,1
w93,1,3,0,0.27525120000000003,78052441.66666667,2
w76,1,1,0,0.09175040000000001,78019642.0,1.0
w09,1,103,0,9.4502912,77418378.67961165,1
w05,1,118,0,10.8265472,77201106.51694915,13
w11,1,43,0,3.9452672000000004,76681215.53488372,1
w09,1,104,0,9.542041600000001,76675706.9423077,1
w01,1,26,0,2.3855104000000003,76558047.07692307,1
w06,1,23,0,2.1102592000000002,76494382.47826087,1
w81,1,3,0,0.27525120000000003,76367789.0,1
w54,1,65,0,5.963776000000001,76247367.75384615,4
w04,1,174,0,15.9645696,76054885.02298851,6
w09,1,105,0,9.633792000000001,75947116.84761904,1
w04,1,175,0,16.056320000000003,75621508.50285715,1
w58,1,7,0,0.6422528000000001,75323963.57142857,1
w59,1,3,0,0.27525120000000003,75258924.0,1
w31,1,130,0,11.927552000000002,75205551.31538461,11
w52,1,2,0,0.18350080000000002,75201480.5,1
w04,1,176,0,16.1480704,75193052.50568181,1
w51,1,6,0,0.5505024000000001,75177632.66666667,1
w54,1,66,0,6.055526400000001,75095703.72727273,1
w11,1,44,0,4.0370176,74976142.04545455,1
w26,1,14,0,1.2845056000000001,74760352.92857143,1
w14,1,73,0,6.697779200000001,74708507.34246576,4
w05,1,122,0,11.193548800000002,74670719.74590164,4
w31,1,131,0,12.0193024,74631525.870229,1
w09,1,107,0,9.8172928,74530712.78504673,2
w21,1,64,0,5.872025600000001,74057746.078125,4
w54,1,67,0,6.1472768,73977879.14925373,1
w09,1,108,0,9.909043200000001,73842180.94444445,1
w01,1,27,0,2.4772608000000003,73767843.2962963,1
w14,1,74,0,6.789529600000001,73702469.54054055,1
w28,1,12,0,1.1010048000000001,73693505.0,2
w23,1,16,0,1.4680064000000002,73638445.4375,1
w06,1,24,0,2.2020096000000002,73361655.45833333,1
w21,1,65,0,5.963776000000001,72918650.53846154,1
w54,1,68,0,6.239027200000001,72892553.16176471,1
w57,1,3,0,0.27525120000000003,72876985.66666667,1
w29,1,5,0,0.45875200000000005,72866572.2,4
w04,1,182,0,16.6985728,72721027.52747253,6
w09,1,110,0,10.092544,72502576.50909092,2
w04,1,184,0,16.882073600000002,71932831.60869566,2
w31,1,136,0,12.478054400000001,71888016.0514706,5
w09,1,111,0,10.1842944,71850864.74774775,1
w54,1,69,0,6.330777600000001,71838465.55072464,1
w24,1,10,0,0.9175040000000001,71821424.0,1
w11,1,46,0,4.2205184000000004,71786168.7173913,2
w14,1,76,0,6.973030400000001,71769706.44736843,2
w49,1,10,0,0.9175040000000001,71629098.0,2
w04,1,185,0,16.973824,71545108.4972973,1
w56,1,3,0,0.27525120000000003,71266946.0,1
w09,1,112,0,10.276044800000001,71210784.59821428,1
w01,1,28,0,2.5690112000000003,71175776.92857143,1
w05,1,128,0,11.744051200000001,71171661.3984375,6
w04,1,186,0,17.065574400000003,71161551.51612903,1
w62,1,2,0,0.18350080000000002,71105365.0,1
w14,1,77,0,7.064780800000001,70840790.01298702,1
w54,1,70,0,6.422528000000001,70814445.92857143,1
w97,1,2,0,0.18350080000000002,70798079.5,1
w04,1,187,0,17.1573248,70782067.79679145,1
w09,1,113,0,10.367795200000002,70582026.81415929,1
w06,1,25,0,2.2937600000000002,70467673.28,1
w85,1,4,0,0.36700160000000004,70380558.75,1
w31,1,139,0,12.753305600000001,70336631.1294964,3
w11,1,47,0,4.3122688,70292863.53191489,1
w04,1,189,0,17.340825600000002,70035117.87301587,2
w98,1,2,0,0.18350080000000002,70001615.0,1
w09,1,114,0,10.459545600000002,69964226.29824561,1
w31,1,140,0,12.845056000000001,69834264.73571429,1
w54,1,71,0,6.5142784,69819016.91549295,1
w90,1,5,0,0.45875200000000005,69728895.2,4
w09,1,115,0,10.551296,69357151.0,1
w23,1,17,0,1.5597568000000002,69348323.76470588,1
w31,1,141,0,12.936806400000002,69339023.44680852,1
w04,1,191,0,17.524326400000003,69303792.7486911,2
w14,1,79,0,7.2482816,69052702.87341772,2
w65,1,9,0,0.8257536000000001,68979288.44444445,2
w11,1,48,0,4.4040192000000005,68859694.5,1
w54,1,72,0,6.606028800000001,68851183.58333333,1
w09,1,116,0,10.643046400000001,68760537.61206897,1
w01,1,29,0,2.6607616000000003,68758181.34482759,1
w04,1,193,0,17.7078272,68587597.84455958,2
w05,1,133,0,12.202803200000002,68496884.66165413,5
w38,1,5,0,0.45875200000000005,68405758.6,1
w53,1,19,0,1.7432576000000002,68389978.05263157,3
w31,1,143,0,13.120307200000001,68369317.32867132,2
w04,1,194,0,17.799577600000003,68235030.85567011,1
w14,1,80,0,7.340032000000001,68192147.925,1
w09,1,117,0,10.734796800000002,68174118.07692307,1
w28,1,13,0,1.1927552000000001,68042865.23076923,1
w32,1,6,0,0.5505024000000001,67965895.66666667,1
w54,1,73,0,6.697779200000001,67909855.08219178,1
w04,1,195,0,17.891328,67886077.73333333,1
w06,1,26,0,2.3855104000000003,67792238.96153846,1
w37,1,3,0,0.27525120000000003,67629821.0,1
w09,1,118,0,10.8265472,67597623.09322034,1
w14,1,81,0,7.431782400000001,67352721.04938272,1
w09,1,119,0,10.9182976,67030800.63865546,1
w54,1,74,0,6.789529600000001,66993668.45945946,1
w44,1,3,0,0.27525120000000003,66671036.666666664,1
w04,1,199,0,18.258329600000003,66525306.30150754,4
w58,1,8,0,0.7340032000000001,66006470.625,1
w09,1,121,0,11.101798400000002,65925208.61983471,2
w14,1,83,0,7.6152832,65734499.65060241,2
w72,1,2,0,0.18350080000000002,65685656.5,1
w04,1,202,0,18.533580800000003,65540088.56930693,3
w23,1,18,0,1.6515072000000002,65531465.166666664,1
w09,1,122,0,11.193548800000002,65385954.17213115,1
w24,1,11,0,1.0092544,65313043.09090909,1
w06,1,27,0,2.4772608000000003,65309342.333333336,1
w54,1,76,0,6.973030400000001,65233497.065789476,2
w99,1,3,0,0.27525120000000003,65209659.333333336,1
w49,1,11,0,1.0092544,65164242.72727273,1
w14,1,84,0,7.707033600000001,64954190.690476194,1
w91,1,2,0,0.18350080000000002,64785821.0,1
w51,1,7,0,0.6422528000000001,64473906.428571425,1
w54,1,77,0,7.064780800000001,64387569.72727273,1
w09,1,125,0,11.468800000000002,63819921.8,3
w05,1,143,0,13.120307200000001,63708418.33566434,10
w04,1,208,0,19.084083200000002,63654797.40865385,6
w14,1,86,0,7.890534400000001,63447846.10465116,2
w04,1,209,0,19.1758336,63351106.16267943,1
w15,1,7,0,0.6422528000000001,63021535.28571428,3
w06,1,28,0,2.5690112000000003,62998882.928571425,1
w14,1,87,0,7.9822848,62720636.551724136,1
w21,1,76,0,6.973030400000001,62366998.868421055,11
w23,1,19,0,1.7432576000000002,62109769.684210524,1
w65,1,10,0,0.9175040000000001,62088620.4,1
w88,1,2,0,0.18350080000000002,61797225.5,1
w21,1,77,0,7.064780800000001,61557240.44155844,1
w11,1,54,0,4.9545216000000005,61374151.18518519,6
w14,1,89,0,8.165785600000001,61315097.95505618,2
w80,1,2,0,0.18350080000000002,61221511.0,1
w04,1,218,0,20.001587200000003,60743141.91743119,9
w09,1,132,0,12.111052800000001,60442570.89393939,7
w05,1,151,0,13.854310400000001,60334190.28476821,8
w04,1,220,0,20.185088,60192540.85909091,2
w14,2,89,2,8.288993280000001,59971264.81318682,2
w05,2,151,1,13.915914240000001,59937385.118421055,1
w24,2,11,1,1.0708582400000002,59886166.833333336,1
w75,2,1,4,0.33816576,59849679.2,4
w87,2,2,1,0.24510464,59749536.0,1
w04,2,220,2,20.30829568,59651848.31531531,2
w09,2,132,2,12.234260480000001,59542353.46268657,2
w14,2,89,3,8.350597120000002,59321233.80434783,1
w11,2,54,2,5.077729280000001,59234737.625,2
w04,2,220,5,20.4931072,58858768.65777778,3
w06,2,28,2,2.6922188800000004,58837659.4,2
w58,2,8,1,0.79560704,58742959.777777776,1
w09,2,132,4,12.357468160000002,58668594.27205882,2
w27,2,1,5,0.39976959999999995,58639800.833333336,5
w96,2,1,1,0.15335424,58513706.0,1
w32,2,6,1,0.61210624,58274482.85714286,1
w09,2,132,5,12.419072000000002,58241272.83941606,1
w05,2,151,6,14.223933440000001,58029159.420382164,5
w09,2,132,6,12.480675840000002,57820135.43478261,1
w106,2,0,1,0.06160383999999999,57730615.0,1.0
w82,2,1,2,0.21495808,57491801.0,2
w77,2,2,1,0.24510464,57475762.0,1
w81,2,3,1,0.33685504,57298974.25,1
w11,2,54,4,5.200936960000001,57241714.12068965,2
w38,2,5,1,0.52035584,57142364.666666664,1
w09,2,132,8,12.603883520000002,56995906.3,2
w06,2,28,3,2.75382272,56958094.58064516,1
w09,2,132,9,12.665487360000002,56592516.4822695,1
w59,2,3,1,0.33685504,56576788.5,1
w65,2,10,1,0.9791078400000001,56450487.45454545,1
w51,2,7,1,0.70385664,56440504.875,1
w11,2,54,5,5.2625408,56295674.93220339,1
w09,2,132,10,12.7270912,56194787.71830986,1
w95,2,1,1,0.15335424,56014720.0,1
w04,2,220,18,21.29395712,55652994.457983196,13
w04,2,220,19,21.355560960000002,55420831.36820084,1
w09,2,132,12,12.85029888,55415880.597222224,2
w24,2,11,2,1.13246208,55293288.615384616,1
w49,2,11,2,1.13246208,55207470.461538464,2
w06,2,28,4,2.81542656,55194339.125,1
w04,2,220,20,21.417164800000002,55190599.46666667,1
w04,2,220,21,21.47876864,54962269.5186722,1
w05,2,151,15,14.778368,54884016.024096385,9
w14,2,89,11,8.84342784,54588284.81,8
w21,2,77,10,7.680819200000001,54483129.42528736,10
w09,2,132,15,13.0351104,54287218.93197279,3
w53,2,19,5,2.0512768,54161262.625,5
w01,2,29,8,3.1535923200000004,54112174.81081081,8
w14,2,89,12,8.90503168,54049370.04950495,1
w04,2,220,26,21.78678784,53848460.06910569,5
w64,2,6,9,1.1049369599999999,53714017.93333333,9
w04,2,220,27,21.84839168,53631093.591093116,1
w56,2,3,1,0.33685504,53594839.75,1
w06,2,28,5,2.8770304,53536531.303030305,1
w14,2,89,13,8.96663552,53520879.23529412,1
w09,2,132,18,13.21992192,53203696.92,3
w14,2,89,14,9.02823936,53002605.96116505,1
w58,2,8,2,0.85721088,52922718.4,1
w11,2,54,9,5.50895616,52810287.71428572,4
w54,2,77,17,8.11204608,52757788.30851064,17
w01,2,29,9,3.21519616,52712189.55263158,1
w14,2,89,15,9.0898432,52494286.490384616,1
w26,2,14,6,1.6541286400000001,52413023.6,6
w29,2,5,2,0.58195968,52332244.571428575,2
w11,2,54,10,5.57056,52006376.609375,1
w06,2,28,6,2.9386342400000003,51975072.5882353,1
w05,2,151,25,15.394406400000001,51766566.27840909,10
w65,2,10,2,1.04071168,51751780.25,1
w04,2,220,37,22.46443008,51550409.16731518,10
w14,2,89,17,9.21305088,51506374.96226415,2
w05,2,151,26,15.456010240000001,51474191.62711865,1
w01,2,29,10,3.2768,51380633.20512821,1
w24,2,11,3,1.1940659200000001,51353914.5,1
w04,2,220,38,22.52603392,51351204.666666664,1
w49,2,11,3,1.1940659200000001,51292639.28571428,1
w05,2,151,27,15.517614080000001,51185101.651685394,1
w14,2,89,18,9.274654720000001,51026204.14953271,1
w37,2,3,1,0.33685504,50842450.75,1
w11,2,54,12,5.6937676800000006,50470443.34848485,2
w27,2,1,6,0.46137343999999997,50365478.571428575,1
w64,2,6,10,1.1665408,50360164.25,1
w04,2,220,44,22.89565696,50187612.40530303,6
w51,2,7,2,0.76546048,50186079.88888889,1
w75,2,1,5,0.39976959999999995,50127978.0,1
w01,2,29,11,3.3384038400000002,50115037.075,1
w44,2,3,1,0.33685504,50019334.25,1
w26,2,14,7,1.7157324800000002,49929171.0952381,1
w09,2,132,28,13.835960320000002,49885251.75625,10
w89,2,1,1,0.15335424,49857908.5,1
w04,2,220,47,23.08046848,49625415.88014981,3
w09,2,132,29,13.897564160000002,49576065.60248447,1
w21,2,77,19,8.23525376,49376499.96875,9
w25,2,25,1,2.3553638400000003,91023231.15384616,1
w14,2,89,22,9.521070080000001,49192014.27027027,4
w06,2,28,8,3.06184192,49109706.25,2
w25,2,25,20,3.5258368,52635402.155555554,19
w38,2,5,2,0.58195968,49069822.85714286,1
w11,2,54,14,5.816975360000001,49024656.205882356,2
w15,2,7,2,0.76546048,49021666.44444445,2
w42,2,3,6,0.64487424,48980220.44444445,6
w01,2,29,12,3.4000076800000003,48911057.780487806,1
w21,2,77,20,8.296857600000001,48867569.86597938,1
w09,2,132,32,14.082375680000002,48671122.17073171,3
w71,2,1,1,0.15335424,48564279.5,1
w03,2,138,121,20.11561984,48434805.47104247,121
w14,2,89,24,9.644277760000001,48323452.336283185,2
w54,2,77,26,8.666480640000001,48154359.504854366,9
w53,2,19,8,2.2360883200000004,48152478.2962963,3
w24,2,11,4,1.25566976,47938393.6,1
w49,2,11,4,1.25566976,47897650.733333334,1
w03,2,138,124,20.30043136,47882638.92366412,3
w04,2,220,57,23.69650688,47839335.53429603,10
w65,2,10,3,1.10231552,47775294.307692304,1
w01,2,29,13,3.46161152,47763301.23809524,1
w05,2,151,40,16.318464,47702366.76963351,13
w03,2,138,125,20.3620352,47701369.61596958,1
w54,2,77,27,8.728084480000001,47691984.038461536,1
w26,2,14,8,1.77733632,47670859.36363637,1
w04,2,220,58,23.75811072,47667791.679856114,1
w62,2,2,1,0.24510464,47472272.666666664,1
w64,2,6,11,1.22814464,47399985.11764706,1
w04,2,220,60,23.8813184,47328346.81428572,2
w09,2,132,37,14.39039488,47234186.43195266,5
w97,2,2,1,0.24510464,47231925.666666664,1
w03,2,138,128,20.54684672,47165562.830827065,3
w04,2,220,61,23.94292224,47160427.58362989,1
w14,2,89,27,9.829089280000002,47076760.594827585,3
w09,2,132,38,14.45199872,46956935.90588235,1
w93,2,3,2,0.39845888,46847272.2,2
w04,2,220,63,24.06612992,46828141.55477032,2
w05,2,151,44,16.56487936,46724178.28205128,4
w98,2,2,1,0.24510464,46701350.666666664,1
w09,2,132,39,14.51360256,46682924.46198831,1
w03,2,138,131,20.73165824,46641695.12639405,3
w06,2,28,10,3.1850496,46542976.421052635,2
w03,2,138,132,20.79326208,46469647.84074074,1
w53,2,19,9,2.29769216,46435346.428571425,1
w09,2,132,40,14.5752064,46412088.03488372,1
w04,2,220,66,24.25094144,46338384.926573426,3
w09,2,132,41,14.63681024,46144374.06358381,1
w04,2,220,68,24.37414912,46017539.715277776,2
w03,2,138,135,20.978073600000002,45961044.61904762,3
w29,2,5,3,0.6435635200000001,45911945.0,1
w14,2,89,30,10.013900800000002,45892782.97478992,3
w03,2,138,136,21.039677440000002,45793965.4270073,1
w11,2,54,19,6.12499456,45756051.06849315,5
w04,2,220,70,24.4973568,45701113.43448276,2
w31,2,143,6,13.489930240000001,65616392.23489933,6
w01,2,29,15,3.5848192,45623196.56818182,2
w04,2,220,71,24.55896064,45544526.65979382,1
w04,2,220,72,24.62056448,45389009.45547945,1
w09,2,132,44,14.821621760000001,45359482.99431818,3
w59,2,3,2,0.39845888,45339122.6,1
w73,2,1,1,0.15335424,45285768.5,1
w04,2,220,73,24.68216832,45234546.590443686,1
w11,2,54,20,6.1865984,45155183.12162162,1
w68,2,2,4,0.42991616,45145702.0,4
w09,2,132,45,14.883225600000001,45103740.92090396,1
w49,2,11,5,1.3172736,44926101.0625,1
w87,2,2,2,0.30670848,44880790.0,1
w09,2,132,46,14.944829440000001,44850862.140449435,1
w04,2,220,76,24.86697984,44777413.824324325,3
w21,2,77,29,8.851292160000002,44719261.716981135,9
w01,2,29,16,3.64642304,44623279.86666667,1
w03,2,138,144,21.53250816,44499929.86879433,8
w04,2,220,78,24.99018752,44477766.98322148,2
w65,2,10,4,1.16391936,44366772.428571425,1
w03,2,138,145,21.594112000000003,44343301.0459364,1
w54,2,77,35,9.2209152,44289656.46428572,8
w58,2,8,4,0.98041856,44188504.0,2
w03,2,138,146,21.65571584,44187755.94014084,1
w04,2,220,80,25.1133952,44182095.61,2
w27,2,1,7,0.52297728,44151120.125,1
w15,2,7,3,0.8270643200000001,44121628.7,1
w42,2,3,7,0.70647808,44120873.1,1
w09,2,132,49,15.129640960000001,44108965.668508284,3
w57,2,3,2,0.39845888,43911623.2,2
w26,2,14,10,1.900544,43716588.583333336,2
w01,2,29,17,3.7080268800000002,43666090.717391305,1
w03,2,138,150,21.9021312,43576334.05555555,4
w30,2,1,11,0.76939264,43425876.416666664,11
w82,2,1,3,0.27656192,43415098.25,1
w09,2,132,52,15.31445248,43391223.99456522,3
w53,2,19,11,2.42089984,43344355.5,2
w04,2,220,87,25.54462208,43177570.661237784,7
w75,2,1,6,0.46137343999999997,43169061.71428572,1
w06,2,28,13,3.3698611200000004,43158434.17073171,3
w09,2,132,53,15.37605632,43157149.151351355,1
w03,2,138,153,22.086942720000003,43128772.577319585,3
w34,2,1,36,2.3094886399999996,43100879.27027027,36
w04,2,220,88,25.60622592,43037782.396103896,1
w38,2,5,3,0.6435635200000001,42993410.875,1
w56,2,3,2,0.39845888,42989192.8,1
w11,2,54,24,6.433013760000001,42904704.897435896,4
w04,2,220,89,25.66782976,42898888.37216829,1
w04,2,220,90,25.7294336,42760889.661290325,1
w01,2,29,18,3.7696307200000003,42748886.42553192,1
w09,2,132,55,15.499264,42696481.941176474,2
w14,2,89,39,10.56833536,42673728.2109375,9
w05,2,151,63,17.73535232,42577125.69158878,19
w04,2,220,92,25.85264128,42487541.98397436,2
w86,2,2,2,0.30670848,42426934.5,2
w105,2,1,3,0.27656192,42385348.5,3
w05,2,151,64,17.79695616,42379160.01395349,1
w04,2,220,93,25.91424512,42352172.12140575,1
w14,2,89,40,10.6299392,42343763.224806204,1
w24,2,11,6,1.3788774400000001,42312154.47058824,2
w49,2,11,6,1.3788774400000001,42301100.0,1
w03,2,138,159,22.456565760000004,42260756.040404044,6
w04,2,220,94,25.97584896,42217664.46496815,1
w31,2,143,10,13.7363456,63901050.5751634,4
w28,2,13,8,1.68558592,42199481.71428572,8
w06,2,28,14,3.4314649600000005,42137244.690476194,1
w03,2,138,160,22.5181696,42119467.026845634,1
w20,2,28,90,8.1133568,42094200.97457627,90
w31,2,143,15,14.0443648,61879004.588607594,5
w09,2,132,58,15.68407552,42023652.37368421,3
w14,2,89,41,10.69154304,42018856.0,1
w34,2,1,37,2.3710924799999997,41981752.7631579,1
w26,2,14,11,1.96214784,41976339.6,1
w21,2,77,36,9.28251904,41949570.43362832,7
w53,2,19,12,2.48250368,41948092.03225806,1
w05,2,151,68,18.04337152,41605375.07762557,4
w03,2,138,165,22.8261888,41426991.99009901,5
w05,2,151,69,18.10497536,41416322.6,1
w09,2,132,61,15.86888704,41371683.86528497,3
w54,2,77,43,9.713745920000001,41339970.96666667,8
w04,2,220,101,26.40707584,41299560.23052959,7
w31,2,143,16,14.10596864,61489852.47169811,1
w03,2,138,166,22.88779264,41291230.026315786,1
w05,2,151,70,18.1665792,41228978.199095026,1
w06,2,28,15,3.4930688,41162534.76744186,1
w14,2,89,44,10.876354560000001,41073356.43609022,3
w01,2,29,20,3.8928384,41025205.87755102,2
w54,2,77,44,9.775349760000001,40998608.61157025,1
w80,2,2,1,0.24510464,40923256.333333336,1
w04,2,220,104,26.59188736,40918219.583333336,3
w29,2,5,4,0.70516736,40910453.0,1
w11,2,54,28,6.67942912,40873098.951219514,4
w31,2,143,18,14.22917632,60726049.9068323,2
w58,2,8,5,1.0420224,40825500.84615385,1
w14,2,89,45,10.937958400000001,40767575.71641791,1
w92,2,2,4,0.42991616,40764565.333333336,4
w37,2,3,2,0.39845888,40725279.8,1
w53,2,19,13,2.54410752,40639078.84375,1
w09,2,132,65,16.1153024,40533267.97461929,4
w05,2,151,74,18.41299456,40496253.177777775,4
w03,2,138,172,23.25741568,40494951.27741936,6
w03,2,138,173,23.31901952,40365223.36334405,1
w09,2,132,66,16.17690624,40328957.02020202,1
w04,2,220,109,26.899906559999998,40298080.32218845,5
w01,2,29,21,3.95444224,40214234.7,1
w30,2,1,12,0.8309964799999999,40181643.307692304,1
w04,2,220,110,26.9615104,40176300.36969697,1
w05,2,151,76,18.53620224,40139570.140969165,2
w42,2,3,8,0.76808192,40135520.90909091,1
w09,2,132,67,16.23851008,40126696.5879397,1
w49,2,11,7,1.4404812800000002,39966418.61111111,1
w24,2,11,7,1.4404812800000002,39966100.5,1
w11,2,54,30,6.8026368,39929361.03571428,2
w09,2,132,68,16.30011392,39926449.7,1
w03,2,138,177,23.56543488,39854547.8,4
w20,2,28,97,8.544583679999999,39742944.216,7
w04,2,220,114,27.20792576,39696437.88922156,4
w03,2,138,179,23.68864256,39604041.67192429,2
w20,2,28,98,8.606187519999999,39428324.26190476,1
w03,2,138,181,23.811850240000002,39356665.956112854,2
w09,2,132,71,16.48492544,39337530.25615764,3
w27,2,1,8,0.58458112,39312157.55555555,1
w03,2,138,182,23.873454080000002,39234129.875,1
w76,2,1,1,0.15335424,39140034.5,1
w96,2,1,2,0.21495808,39114587.333333336,1
w04,2,220,119,27.51594496,39112524.746312685,5
w54,2,77,50,10.144972800000001,39062729.01574803,6
w93,2,3,3,0.46006272000000004,39044629.5,1
w11,2,54,32,6.92584448,39029315.511627905,2
w26,2,14,13,2.0853555200000002,38880935.74074074,2
w68,2,2,5,0.49151999999999996,38748794.71428572,1
w14,2,89,52,11.36918528,38748482.74468085,7
w11,2,54,33,6.98744832,38594765.59770115,1
w09,2,132,75,16.7313408,38578846.57487923,4
w03,2,138,188,24.243077120000002,38514692.62576687,6
w20,2,28,101,8.790999039999999,38513435.224806204,3
w14,2,89,53,11.43078912,38476274.788732395,1
w03,2,138,189,24.30468096,38397343.21712538,1
w09,2,132,76,16.79294464,38393730.649038464,1
w04,2,220,126,27.94717184,38323370.63583815,7
w05,2,151,87,19.21384448,38284937.60504202,11
w20,2,28,102,8.85260288,38217799.26923077,1
w31,2,143,113,20.08154112,38192352.4375,95
w11,2,54,34,7.0490521600000005,38169664.04545455,1
w04,2,220,128,28.07037952,38103727.75,2
w03,2,138,192,24.489492480000003,38049536.196969695,3
w09,2,132,78,16.916152320000002,38028775.1,2
w75,2,1,7,0.52297728,37939528.0,1
w20,2,28,103,8.91420672,37926634.89312977,1
w49,2,11,8,1.50208512,37875916.368421055,1
w24,2,11,8,1.50208512,37866852.421052635,1
w59,2,3,3,0.46006272000000004,37837488.166666664,1
w04,2,220,131,28.25519104,37778952.26780627,3
w11,2,54,35,7.1106560000000005,37753722.61797753,1
w12,2,0,1,0.06160383999999999,37747581.0,1.0
w04,2,220,132,28.31679488,37671916.83238637,1
w09,2,132,80,17.039360000000002,37670696.19811321,2
w02,2,1,312,19.312148479999998,37617225.990415335,312
w50,2,3,1,0.33685504,132130719.5,1
w08,2,54,4,5.200936960000001,125590532.48275863,4
w08,2,54,10,5.57056,113820131.46875,6
w50,2,3,3,0.46006272000000004,88103303.0,2
w08,2,54,31,6.86424064,85709512.08235294,21
w48,2,3,1,0.33685504,568525424.0,1
w94,2,5,4,0.70516736,82120179.22222222,4
w08,2,54,35,7.1106560000000005,81858948.4269663,4
w08,2,54,40,7.4186752,77506512.5106383,5
w48,2,3,2,0.39845888,454863568.6,1
w50,2,3,4,0.52166656,75524024.71428572,1
w94,2,5,5,0.7667712,73920969.9,1
w50,2,3,5,0.5832704,66086912.75,1
w50,2,3,6,0.64487424,58745903.333333336,1
w90,2,5,2,0.58195968,49839053.28571428,2
w10,2,81,132,15.56348928,41586708.36150235,132
