w02,1,1,0,0.06160383999999999,10183662980.0,1.0
w04,1,1,0,0.06160383999999999,9612605347.0,1.0
w03,1,1,0,0.06160383999999999,9343147162.0,1.0
w31,1,1,0,0.06160383999999999,9179847213.0,1.0
w05,1,1,0,0.06160383999999999,8371514405.0,1.0
w10,1,1,0,0.06160383999999999,7903538857.0,1.0
w08,1,1,0,0.06160383999999999,7021808088.0,1.0
w09,1,1,0,0.06160383999999999,6214176505.0,1.0
w04,1,2,0,0.12320767999999999,4816290896.0,1
w03,1,2,0,0.12320767999999999,4679228585.0,1
w21,1,1,0,0.06160383999999999,4620730413.0,1.0
w20,1,1,0,0.06160383999999999,4317874595.0,1.0
w05,1,2,0,0.12320767999999999,4185801680.0,1
w14,1,1,0,0.06160383999999999,4045123455.0,1.0
w10,1,2,0,0.12320767999999999,3958344099.5,1
w54,1,1,0,0.06160383999999999,3866884465.0,1.0
w04,1,3,0,0.18481151999999998,3213245454.6666665,1
w03,1,3,0,0.18481151999999998,3121656343.0,1
w09,1,2,0,0.12320767999999999,3110286392.0,1
w05,1,3,0,0.18481151999999998,2790549466.6666665,1
w10,1,3,0,0.18481151999999998,2641941621.3333335,1
w04,1,4,0,0.24641535999999997,2410884206.5,1
w03,1,4,0,0.24641535999999997,2342149584.5,1
w48,1,1,0,0.06160383999999999,2211038425.0,1.0
w25,1,1,0,0.06160383999999999,2101157826.0,1.0
w11,1,1,0,0.06160383999999999,2079066140.0,1.0
w09,1,3,0,0.18481151999999998,2074347404.0,1
w14,1,2,0,0.12320767999999999,2024134797.0,1
w10,1,4,0,0.24641535999999997,1982710029.5,1
w54,1,2,0,0.12320767999999999,1933719112.5,1
w04,1,5,0,0.30801919999999994,1929220303.2,1
w03,1,5,0,0.30801919999999994,1874204128.4,1
w05,1,5,0,0.30801919999999994,1674343849.0,2
w04,1,6,0,0.36962303999999996,1607986349.0,1
w10,1,5,0,0.30801919999999994,1586504257.8,1
w03,1,6,0,0.36962303999999996,1562120586.0,1
w09,1,4,0,0.24641535999999997,1556112784.25,1
w01,1,1,0,0.06160383999999999,1411821567.0,1.0
w04,1,7,0,0.43122688,1378472387.857143,1
w14,1,3,0,0.18481151999999998,1349863130.3333333,1
w03,1,7,0,0.43122688,1339139183.5714285,1
w10,1,6,0,0.36962303999999996,1322245593.1666667,1
w34,1,1,0,0.06160383999999999,1311580823.0,1.0
w06,1,1,0,0.06160383999999999,1286758643.0,1.0
w13,1,1,0,0.06160383999999999,1260390271.0,1.0
w09,1,5,0,0.30801919999999994,1245085035.8,1
w04,1,8,0,0.49283071999999994,1206295480.125,1
w03,1,8,0,0.49283071999999994,1171869075.125,1
w31,1,8,0,0.49283071999999994,1147589549.5,7
w53,1,1,0,0.06160383999999999,1140572906.0,1.0
w10,1,7,0,0.43122688,1133403587.142857,1
w04,1,9,0,0.5544345599999999,1072358424.6666666,1
w25,1,2,0,0.12320767999999999,1050845288.5,1
w05,1,8,0,0.49283071999999994,1046475630.75,3
w03,1,9,0,0.5544345599999999,1041747232.7777778,1
w09,1,6,0,0.36962303999999996,1037697151.8333334,1
w14,1,4,0,0.24641535999999997,1012593817.25,1
w10,1,8,0,0.49283071999999994,991760042.625,1
w04,1,10,0,0.6160383999999999,965193474.6,1
w03,1,10,0,0.6160383999999999,937635968.3,1
w05,1,9,0,0.5544345599999999,930202652.6666666,1
w46,1,1,0,0.06160383999999999,924074896.0,1.0
w31,1,10,0,0.6160383999999999,918095454.3,2
w09,1,7,0,0.43122688,889538206.7142857,1
w10,1,9,0,0.5544345599999999,881585370.3333334,1
w04,1,11,0,0.67764224,877503461.5454545,1
w03,1,11,0,0.67764224,852446589.4545455,1
w14,1,5,0,0.30801919999999994,810189018.6,1
w04,1,12,0,0.7392460799999999,804422498.6666666,1
w10,1,10,0,0.6160383999999999,793437836.7,1
w03,1,12,0,0.7392460799999999,781449133.5833334,1
w09,1,8,0,0.49283071999999994,778407528.625,1
w04,1,13,0,0.8008499199999999,742578137.8461539,1
w64,1,1,0,0.06160383999999999,733475067.0,1.0
w03,1,13,0,0.8008499199999999,721372116.6923077,1
w10,1,11,0,0.67764224,721314458.2727273,1
w01,1,2,0,0.12320767999999999,710629469.5,1
w94,1,1,0,0.06160383999999999,696823297.0,1.0
w23,1,1,0,0.06160383999999999,694921747.0,1.0
w09,1,9,0,0.5544345599999999,691965034.4444444,1
w04,1,14,0,0.86245376,689565376.2142857,1
w14,1,6,0,0.36962303999999996,675227701.5,1
w03,1,14,0,0.86245376,669875556.2142857,1
w10,1,12,0,0.7392460799999999,661209885.25,1
w06,1,2,0,0.12320767999999999,650345779.5,1
w04,1,15,0,0.9240575999999999,643616624.7333333,1
w03,1,15,0,0.9240575999999999,625241775.8,1
w09,1,10,0,0.6160383999999999,622807089.8,1
w31,1,15,0,0.9240575999999999,612085408.4,5
w10,1,13,0,0.8008499199999999,610351100.5384616,1
w04,1,16,0,0.9856614399999999,603410359.5625,1
w65,1,1,0,0.06160383999999999,600725049.0,1.0
w03,1,16,0,0.9856614399999999,586186128.8125,1
w14,1,7,0,0.43122688,578813538.4285715,1
w53,1,2,0,0.12320767999999999,570290019.0,1
w04,1,17,0,1.04726528,567931588.1764706,1
w10,1,14,0,0.86245376,566757604.0714285,1
w09,1,11,0,0.67764224,566218840.7272727,1
w24,1,1,0,0.06160383999999999,560872047.0,1.0
w03,1,17,0,1.04726528,551724555.1764706,1
w04,1,18,0,1.1088691199999998,536392746.0,1
w49,1,1,0,0.06160383999999999,531740241.0,1.0
w16,1,1,0,0.06160383999999999,529752640.0,1.0
w10,1,15,0,0.9240575999999999,528975892.46666664,1
w03,1,18,0,1.1088691199999998,521091849.7777778,1
w26,1,1,0,0.06160383999999999,512520009.0,1.0
w50,1,1,0,0.06160383999999999,510403449.0,1.0
w04,1,19,0,1.17047296,508173393.1052632,1
w14,1,8,0,0.49283071999999994,506495136.125,1
w18,1,1,0,0.06160383999999999,503957430.0,1.0
w10,1,16,0,0.9856614399999999,495916522.4375,1
w03,1,19,0,1.17047296,493681970.31578946,1
w31,1,19,0,1.17047296,483237450.3684211,4
w04,1,20,0,1.2320767999999997,482774618.95,1
w09,1,13,0,0.8008499199999999,479153305.2307692,2
w01,1,3,0,0.18481151999999998,475500012.0,1
w03,1,20,0,1.2320767999999997,469012175.9,1
w10,1,17,0,1.04726528,466746395.9411765,1
w46,1,2,0,0.12320767999999999,462114660.5,1
w04,1,21,0,1.2936806399999998,459794195.0,1
w14,1,9,0,0.5544345599999999,450242632.5555556,1
w03,1,21,0,1.2936806399999998,446691048.2380952,1
w09,1,14,0,0.86245376,444946698.0714286,1
w10,1,18,0,1.1088691199999998,440817349.3888889,1
w04,1,22,0,1.35528448,438901764.1363636,1
w31,1,21,0,1.2936806399999998,437218417.38095236,2
w43,1,1,0,0.06160383999999999,434281644.0,1.0
w03,1,22,0,1.35528448,426398607.95454544,1
w25,1,5,0,0.30801919999999994,420463952.0,3
w04,1,23,0,1.4168883199999998,419825133.4347826,1
w10,1,19,0,1.17047296,417617575.7368421,1
w09,1,15,0,0.9240575999999999,415298060.2,1
w03,1,23,0,1.4168883199999998,407870154.3913044,1
w14,1,10,0,0.6160383999999999,405238021.8,1
w04,1,24,0,1.4784921599999998,402338149.4166667,1
w31,1,23,0,1.4168883199999998,399202210.3043478,2
w03,1,24,0,1.4784921599999998,390884845.2083333,1
w04,1,25,0,1.540096,386249830.48,1
w10,1,21,0,1.2936806399999998,377846398.2380952,2
w03,1,25,0,1.540096,375257880.4,1
w04,1,26,0,1.6016998399999998,371398722.88461536,1
w14,1,11,0,0.67764224,368413442.0,1
w64,1,2,0,0.12320767999999999,366792468.0,1
w09,1,17,0,1.04726528,366461210.4705882,2
w15,1,1,0,0.06160383999999999,362941107.0,1.0
w51,1,1,0,0.06160383999999999,362821429.0,1.0
w28,1,1,0,0.06160383999999999,362074091.0,1.0
w04,1,27,0,1.6633036799999998,357647000.7407407,1
w01,1,4,0,0.24641535999999997,357541026.25,1
w32,1,1,0,0.06160383999999999,356254442.0,1.0
w25,1,6,0,0.36962303999999996,350417905.3333333,1
w03,1,27,0,1.6633036799999998,347476512.5925926,2
w09,1,18,0,1.1088691199999998,346110914.8333333,1
w31,1,27,0,1.6633036799999998,340065715.2592593,4
w14,1,12,0,0.7392460799999999,337724728.9166667,1
w03,1,28,0,1.72490752,335073396.64285713,1
w04,1,29,0,1.7865113599999998,332988501.9655172,2
w31,1,28,0,1.72490752,327921300.85714287,1
w09,1,19,0,1.17047296,327901807.5263158,1
w90,1,1,0,0.06160383999999999,324689312.0,1.0
w03,1,29,0,1.7865113599999998,323525313.0344828,1
w22,1,1,0,0.06160383999999999,315348963.0,1.0
w61,1,1,0,0.06160383999999999,313253539.0,1.0
w03,1,30,0,1.8481151999999998,312746218.1,1
w14,1,13,0,0.8008499199999999,311757307.2307692,1
w09,1,20,0,1.2320767999999997,311513160.0,1
w04,1,31,0,1.9097190399999997,311511358.7096774,2
w46,1,3,0,0.18481151999999998,308104452.3333333,1
w31,1,30,0,1.8481151999999998,306060553.76666665,2
w04,1,32,0,1.9713228799999998,301779016.75,1
w65,1,2,0,0.12320767999999999,300492067.5,1
w09,1,21,0,1.2936806399999998,296684505.2380952,1
w03,1,32,0,1.9713228799999998,293208173.5625,2
w04,1,33,0,2.03292672,292636404.8484849,1
w63,1,1,0,0.06160383999999999,291824159.0,1.0
w29,1,1,0,0.06160383999999999,290154708.0,1.0
w14,1,14,0,0.86245376,289498408.14285713,1
w01,1,5,0,0.30801919999999994,286590280.0,1
w03,1,33,0,2.03292672,284327108.0,1
w09,1,22,0,1.35528448,283203192.72727275,1
w24,1,2,0,0.12320767999999999,281631216.5,1
w42,1,1,0,0.06160383999999999,276222711.0,1.0
w04,1,35,0,2.1561343999999996,275917854.71428573,2
w58,1,1,0,0.06160383999999999,273080856.0,1.0
w27,1,1,0,0.06160383999999999,273067476.0,1.0
w85,1,1,0,0.06160383999999999,271975694.0,1.0
w09,1,23,0,1.4168883199999998,270893675.8695652,1
w14,1,15,0,0.9240575999999999,270206246.06666666,1
w04,1,36,0,2.2177382399999996,268255119.08333334,1
w49,1,2,0,0.12320767999999999,266082044.5,1
w04,1,37,0,2.2793420799999997,261006435.45945945,1
w09,1,24,0,1.4784921599999998,259609864.95833334,1
w26,1,2,0,0.12320767999999999,256349833.5,1
w04,1,38,0,2.34094592,254138900.78947368,1
w03,1,37,0,2.2793420799999997,253602727.0810811,4
w04,1,39,0,2.40254976,247623492.5128205,1
w03,1,38,0,2.34094592,246932053.0526316,1
w64,1,3,0,0.18481151999999998,244561713.33333334,1
w03,1,39,0,2.40254976,240603293.92307693,1
w09,1,26,0,1.6016998399999998,239645710.03846154,2
w01,1,6,0,0.36962303999999996,239198375.16666666,1
w14,1,17,0,1.04726528,238428854.5882353,2
w04,1,41,0,2.5257574399999996,235545856.4878049,2
w03,1,40,0,2.4641535999999995,234590916.65,1
w92,1,1,0,0.06160383999999999,234205878.0,1.0
w46,1,4,0,0.24641535999999997,231096507.5,1
w03,1,41,0,2.5257574399999996,228871742.97560975,1
w14,1,18,0,1.1088691199999998,225187965.94444445,1
w03,1,42,0,2.5873612799999997,223424833.7142857,1
w09,1,28,0,1.72490752,222532810.0,2
w69,1,1,0,0.06160383999999999,222359200.0,1.0
w08,1,32,0,1.9713228799999998,219502272.875,31
w04,1,44,0,2.71056896,219487873.6818182,3
w03,1,43,0,2.6489651199999997,218231157.8139535,1
w43,1,2,0,0.12320767999999999,217181177.5,1
w09,1,29,0,1.7865113599999998,214861165.06896552,1
w04,1,45,0,2.7721728,214610999.91111112,1
w66,1,1,0,0.06160383999999999,213936019.0,1.0
w93,1,1,0,0.06160383999999999,212732519.0,1.0
w09,1,30,0,1.8481151999999998,207700719.13333333,1
w01,1,7,0,0.43122688,205299253.2857143,1
w81,1,1,0,0.06160383999999999,204781398.0,1.0
w03,1,46,0,2.8337766399999995,204004856.6956522,3
w04,1,48,0,2.9569843199999997,201199354.9375,3
w09,1,31,0,1.9097190399999997,201002221.77419356,1
w65,1,3,0,0.18481151999999998,200386325.66666666,1
w03,1,48,0,2.9569843199999997,195507933.83333334,2
w31,1,47,0,2.8953804799999996,195361154.0,17
w04,1,50,0,3.080192,193152355.86,2
w14,1,21,0,1.2936806399999998,193030584.52380952,3
w51,1,2,0,0.12320767999999999,192106685.0,1
w06,1,7,0,0.43122688,191763288.0,5
w31,1,48,0,2.9569843199999997,191291316.6875,1
w24,1,3,0,0.18481151999999998,188270230.33333334,1
w03,1,50,0,3.080192,187690464.46,2
w31,1,49,0,3.0185881599999997,187387582.91836736,1
w46,1,5,0,0.30801919999999994,184886329.4,1
w14,1,22,0,1.35528448,184259681.8181818,1
w03,1,51,0,3.1417958399999995,184011609.0980392,1
w31,1,50,0,3.080192,183639961.62,1
w64,1,4,0,0.24641535999999997,183437146.5,1
w99,1,1,0,0.06160383999999999,182196551.0,1.0
w28,1,2,0,0.12320767999999999,181101049.5,1
w01,1,8,0,0.49283071999999994,179846988.875,1
w60,1,1,0,0.06160383999999999,179719694.0,1.0
w32,1,2,0,0.12320767999999999,178335704.0,1
w09,1,35,0,2.1561343999999996,178035903.5142857,4
w49,1,3,0,0.18481151999999998,177442486.0,1
w14,1,23,0,1.4168883199999998,176251351.3478261,1
w44,1,1,0,0.06160383999999999,174870681.0,1.0
w03,1,54,0,3.3266073599999997,173792518.12962964,3
w26,1,3,0,0.18481151999999998,170931291.33333334,1
w14,1,24,0,1.4784921599999998,168910362.83333334,1
w06,1,8,0,0.49283071999999994,168587960.375,1
w38,1,1,0,0.06160383999999999,168538872.0,1.0
w09,1,37,0,2.2793420799999997,168414716.45945945,2
w04,1,59,0,3.6346265599999996,163691505.33898306,9
w14,1,25,0,1.540096,162156367.48,1
w25,1,13,0,0.8008499199999999,161829165.3846154,7
w01,1,9,0,0.5544345599999999,160029715.2222222,1
w09,1,39,0,2.40254976,159780299.7948718,2
w14,1,26,0,1.6016998399999998,155921882.69230768,1
w09,1,40,0,2.4641535999999995,155786860.975,1
w04,1,62,0,3.8194380799999994,155771820.77419356,3
w46,1,6,0,0.36962303999999996,154076682.66666666,1
w03,1,61,0,3.7578342399999998,153856513.2295082,7
w37,1,1,0,0.06160383999999999,152431634.0,1.0
w03,1,62,0,3.8194380799999994,151375987.88709676,1
w105,1,1,0,0.06160383999999999,151003316.0,1.0
w65,1,4,0,0.24641535999999997,150322382.25,1
w14,1,27,0,1.6633036799999998,150148714.8888889,1
w04,1,65,0,4.0042496,148583110.9846154,3
w64,1,5,0,0.30801919999999994,146753931.8,1
w63,1,2,0,0.12320767999999999,146217849.5,1
w43,1,3,0,0.18481151999999998,144801550.0,1
w01,1,10,0,0.6160383999999999,144158362.8,1
w24,1,4,0,0.24641535999999997,141477563.5,1
w42,1,2,0,0.12320767999999999,138250438.5,1
w104,1,1,0,0.06160383999999999,136747135.0,1.0
w03,1,69,0,4.25066496,136025148.33333334,7
w06,1,10,0,0.6160383999999999,135816693.1,2
w01,1,11,0,0.67764224,131160134.54545455,1
w14,1,31,0,1.9097190399999997,130780489.93548387,4
w03,1,72,0,4.435476479999999,130359878.29166667,3
w78,1,1,0,0.06160383999999999,130295194.0,1.0
w51,1,3,0,0.18481151999999998,128673223.66666667,1
w17,1,1,0,0.06160383999999999,127357556.0,1.0
w03,1,74,0,4.558684159999999,126838205.58108108,2
w14,1,32,0,1.9713228799999998,126694959.34375,1
w06,1,11,0,0.67764224,123820908.36363636,1
w28,1,3,0,0.18481151999999998,120756025.66666667,1
w62,1,1,0,0.06160383999999999,120531754.0,1.0
w01,1,12,0,0.7392460799999999,120318260.91666667,1
w65,1,5,0,0.30801919999999994,120279985.4,1
w14,1,34,0,2.09453056,119244668.52941176,2
w32,1,3,0,0.18481151999999998,118947649.66666667,1
w92,1,2,0,0.12320767999999999,117153760.5,1
w03,1,81,0,4.989911039999999,115881428.38271604,7
w14,1,35,0,2.1561343999999996,115838797.77142857,1
w06,1,12,0,0.7392460799999999,113745892.66666667,1
w24,1,5,0,0.30801919999999994,113342863.8,1
w03,1,83,0,5.113118719999999,113090239.93975903,2
w77,1,1,0,0.06160383999999999,112817918.0,1.0
w14,1,36,0,2.2177382399999996,112621864.75,1
w59,1,1,0,0.06160383999999999,111884598.0,1.0
w01,1,13,0,0.8008499199999999,111135574.76923077,1
w04,1,87,0,5.3595340799999995,111014405.95402299,22
w03,1,86,0,5.2979302399999995,109146800.41860466,3
w43,1,4,0,0.24641535999999997,108608929.0,1
w04,1,89,0,5.48274176,108520049.05617978,2
w03,1,87,0,5.3595340799999995,107892748.13793103,1
w66,1,2,0,0.12320767999999999,107208824.0,1
w14,1,38,0,2.34094592,106695906.10526316,2
w06,1,13,0,0.8008499199999999,105198150.23076923,1
w61,1,3,0,0.18481151999999998,104454085.0,2
w01,1,14,0,0.86245376,103262181.14285715,1
w81,1,2,0,0.12320767999999999,102440380.0,1
w14,1,41,0,2.5257574399999996,98890589.53658536,3
w82,1,1,0,0.06160383999999999,98617064.0,1.0
w06,1,14,0,0.86245376,97851475.71428572,1
w03,1,96,0,5.913968639999999,97781847.05208333,9
w63,1,3,0,0.18481151999999998,97609140.33333333,1
w51,1,4,0,0.24641535999999997,96597054.25,1
w14,1,42,0,2.5873612799999997,96536574.5,1
w01,1,15,0,0.9240575999999999,96433308.46666667,1
w91,1,1,0,0.06160383999999999,96295202.0,1.0
w31,1,97,0,5.975572479999999,94662324.5257732,47
w24,1,6,0,0.36962303999999996,94553825.66666667,1
w42,1,3,0,0.18481151999999998,92220036.33333333,1
w58,1,3,0,0.18481151999999998,91782813.0,2
w06,1,15,0,0.9240575999999999,91477763.86666666,1
w28,1,4,0,0.24641535999999997,90582673.25,1
w01,1,16,0,0.9856614399999999,90453699.0625,1
w14,1,45,0,2.7721728,90102207.17777778,3
w14,1,46,0,2.8337766399999995,88143887.6521739,1
w03,1,107,0,6.591610879999999,87733659.19626169,11
w44,1,2,0,0.12320767999999999,87502501.5,1
w43,1,5,0,0.30801919999999994,86892558.4,1
w65,1,7,0,0.43122688,85940855.57142857,2
w01,1,17,0,1.04726528,85174597.0,1
w38,1,2,0,0.12320767999999999,84699736.0,1
w03,1,113,0,6.961233919999999,83077336.77876106,6
w03,1,114,0,7.022837759999999,82348911.96491228,1
w80,1,1,0,0.06160383999999999,81637429.0,1.0
w24,1,7,0,0.43122688,81112168.14285715,1
w01,1,18,0,1.1088691199999998,80481214.3888889,1
w03,1,117,0,7.207649279999999,80238313.8034188,3
w03,1,118,0,7.269253119999999,79558603.84745763,1
w03,1,119,0,7.330856959999999,78890302.57983193,1
w61,1,4,0,0.24641535999999997,78353297.75,1
w87,1,1,0,0.06160383999999999,78209177.0,1.0
w51,1,5,0,0.30801919999999994,77307779.6,1
w37,1,2,0,0.12320767999999999,76287351.5,1
w01,1,19,0,1.17047296,76279373.26315789,1
w65,1,8,0,0.49283071999999994,75208043.125,1
w54,1,52,0,3.2033996799999995,74843657.5576923,50
w86,1,1,0,0.06160383999999999,74655865.0,1.0
w52,1,1,0,0.06160383999999999,73727769.0,1.0
w54,1,53,0,3.2650035199999996,73439916.33962265,1
w63,1,4,0,0.24641535999999997,73293062.5,1
w06,1,19,0,1.17047296,72665984.63157895,4
w01,1,20,0,1.2320767999999997,72497096.7,1
w43,1,6,0,0.36962303999999996,72414623.5,1
w03,1,131,0,8.07010304,71666462.03053436,12
w24,1,8,0,0.49283071999999994,71018478.0,1
w93,1,3,0,0.18481151999999998,70945828.66666667,2
w54,1,55,0,3.3882111999999998,70783719.67272727,2
w03,1,133,0,8.19331072,70589208.5037594,2
w03,1,134,0,8.25491456,70062608.49253732,1
w54,1,56,0,3.44981504,69526693.51785715,1
w83,1,1,0,0.06160383999999999,69221058.0,1.0
w06,1,20,0,1.2320767999999997,69134487.25,1
w58,1,4,0,0.24641535999999997,69111929.25,1
w104,1,2,0,0.12320767999999999,68378274.5,1
w81,1,3,0,0.18481151999999998,68311349.0,1
w54,1,58,0,3.5730227199999995,67140587.36206897,2
w65,1,9,0,0.5544345599999999,66858317.88888889,1
w49,1,8,0,0.49283071999999994,66563236.5,5
w55,1,1,0,0.06160383999999999,65924041.0,1.0
w06,1,21,0,1.2936806399999998,65917351.61904762,1
w79,1,1,0,0.06160383999999999,65200908.0,1.0
w90,1,5,0,0.30801919999999994,65118264.8,4
w51,1,6,0,0.36962303999999996,64434098.666666664,1
w54,1,61,0,3.7578342399999998,63853008.524590164,3
w24,1,9,0,0.5544345599999999,63160274.333333336,1
w06,1,22,0,1.35528448,62974208.5,1
w61,1,5,0,0.30801919999999994,62691991.0,1
w99,1,3,0,0.18481151999999998,60745671.333333336,2
w62,1,2,0,0.12320767999999999,60286375.0,1
w06,1,23,0,1.4168883199999998,60280848.91304348,1
w65,1,10,0,0.6160383999999999,60178199.8,1
w54,1,65,0,4.0042496,59940909.23076923,4
w54,1,66,0,4.06585344,59036294.53030303,1
w63,1,5,0,0.30801919999999994,58694383.6,1
w44,1,3,0,0.18481151999999998,58346693.333333336,1
w54,1,67,0,4.12745728,58158143.53731343,1
w01,1,25,0,1.540096,58117871.08,5
w06,1,24,0,1.4784921599999998,57804906.333333336,1
w54,1,68,0,4.18906112,57305443.60294118,1
w24,1,10,0,0.6160383999999999,56867151.0,1
w95,1,1,0,0.06160383999999999,56600603.0,1.0
w38,1,3,0,0.18481151999999998,56575399.333333336,1
w77,1,2,0,0.12320767999999999,56508150.0,1
w54,1,69,0,4.25066496,56477243.52173913,1
w88,1,1,0,0.06160383999999999,55989568.0,1.0
w01,1,26,0,1.6016998399999998,55905487.65384615,1
w54,1,70,0,4.312268799999999,55672658.5,1
w06,1,25,0,1.540096,55521188.64,1
w58,1,5,0,0.30801919999999994,55505853.2,1
w51,1,7,0,0.43122688,55234705.71428572,1
w03,1,170,0,10.472652799999999,55231056.35882353,36
w54,1,71,0,4.373872639999999,54890482.59154929,1
w67,1,1,0,0.06160383999999999,54749210.0,1.0
w65,1,11,0,0.67764224,54712588.63636363,1
w54,1,72,0,4.435476479999999,54129981.25,1
w01,1,27,0,1.6633036799999998,53855920.25925926,1
w06,1,26,0,1.6016998399999998,53411042.84615385,1
w54,1,73,0,4.497080319999999,53390304.32876712,1
w09,1,117,0,7.207649279999999,53286762.145299144,77
w49,1,10,0,0.6160383999999999,53256954.7,2
w73,1,1,0,0.06160383999999999,53086829.0,1.0
w72,1,1,0,0.06160383999999999,52874306.0,1.0
w54,1,74,0,4.558684159999999,52670319.5945946,1
w14,1,77,0,4.74349568,52664238.81818182,31
w71,1,1,0,0.06160383999999999,52405770.0,1.0
w03,1,180,0,11.0886912,52163842.26111111,10
w01,1,28,0,1.72490752,51951780.46428572,1
w24,1,11,0,0.67764224,51714576.90909091,1
w09,1,121,0,7.4540646399999995,51526518.95867769,4
w06,1,27,0,1.6633036799999998,51453314.333333336,1
w54,1,76,0,4.68189184,51287052.618421055,2
w81,1,4,0,0.24641535999999997,51243710.0,1
w37,1,3,0,0.18481151999999998,50886243.333333336,1
w03,1,185,0,11.396710399999998,50754550.291891895,5
w54,1,77,0,4.74349568,50622235.22077922,1
w01,1,29,0,1.7865113599999998,50177909.48275862,1
w65,1,12,0,0.7392460799999999,50157097.666666664,1
w06,1,28,0,1.72490752,49632240.96428572,1
w82,1,2,0,0.12320767999999999,49400173.0,1
w63,1,6,0,0.36962303999999996,48960693.333333336,1
w01,1,30,0,1.8481151999999998,48521499.1,1
w51,1,8,0,0.49283071999999994,48334916.125,1
w53,1,24,0,1.4784921599999998,47530256.541666664,22
w24,1,12,0,0.7392460799999999,47418139.083333336,1
w75,1,1,0,0.06160383999999999,47281176.0,1.0
w09,1,132,0,8.13170688,47235916.79545455,11
w01,1,31,0,1.9097190399999997,46971263.0,1
w09,1,133,0,8.19331072,46881050.977443606,1
w58,1,6,0,0.36962303999999996,46396817.333333336,1
w06,1,30,0,1.8481151999999998,46353709.63333333,2
w03,1,204,0,12.567183359999998,46029171.99509804,19
w104,1,3,0,0.18481151999999998,45586953.333333336,1
w03,1,206,0,12.690391039999998,45582462.310679615,2
w01,1,32,0,1.9713228799999998,45517466.25,1
w09,1,137,0,8.43972608,45513374.86861314,4
w85,1,6,0,0.36962303999999996,45346660.666666664,5
w06,1,31,0,1.9097190399999997,44872471.77419355,1
w09,1,140,0,8.624537599999998,44538900.50714286,3
w09,1,141,0,8.686141439999998,44223269.4751773,1
w01,1,33,0,2.03292672,44151198.45454545,1
w09,1,142,0,8.747745279999998,43912072.3943662,1
w24,1,13,0,0.8008499199999999,43781873.15384615,1
w44,1,4,0,0.24641535999999997,43767475.75,1
w06,1,32,0,1.9713228799999998,43482462.1875,1
w03,1,218,0,13.429637119999999,43074316.963302754,12
w65,1,14,0,0.86245376,42997857.5,2
w51,1,9,0,0.5544345599999999,42968386.11111111,1
w01,1,34,0,2.09453056,42864989.705882356,1
w93,1,5,0,0.30801919999999994,42581669.0,2
w38,1,4,0,0.24641535999999997,42478530.0,1
w06,1,33,0,2.03292672,42175800.09090909,1
w01,1,35,0,2.1561343999999996,41652062.37142857,1
w09,1,150,0,9.240575999999999,41571830.62,8
w54,1,94,0,5.790760959999999,41481771.88297872,17
w06,1,34,0,2.09453056,40945445.61764706,1
w03,1,230,0,14.168883199999998,40827679.96956522,12
w24,1,14,0,0.86245376,40663025.928571425,1
w03,1,231,0,14.230487039999998,40650986.15151515,1
w01,1,36,0,2.2177382399999996,40506206.86111111,1
w62,1,3,0,0.18481151999999998,40201912.0,1
w65,1,15,0,0.9240575999999999,40133919.666666664,1
w58,1,7,0,0.43122688,39870590.28571428,1
w09,1,157,0,9.67180288,39719734.63057325,7
w42,1,7,0,0.43122688,39612067.428571425,4
w89,1,1,0,0.06160383999999999,39473480.0,1.0
w87,1,2,0,0.12320767999999999,39428017.0,1
w01,1,37,0,2.2793420799999997,39421640.13513514,1
w09,1,159,0,9.79501056,39220516.43396226,2
w61,1,8,0,0.49283071999999994,39198882.875,3
w92,1,6,0,0.36962303999999996,39104888.5,4
w09,1,160,0,9.856614399999998,38975572.4875,1
w06,1,36,0,2.2177382399999996,38687051.916666664,2
w51,1,10,0,0.6160383999999999,38674856.6,1
w01,1,38,0,2.34094592,38393628.2631579,1
w03,1,245,0,15.0929408,38328721.093877554,14
w37,1,4,0,0.24641535999999997,38179512.0,1
w24,1,15,0,0.9240575999999999,37958567.333333336,1
w105,1,4,0,0.24641535999999997,37869128.25,3
w54,1,103,0,6.345195519999999,37863543.32038835,9
w09,1,165,0,10.164633599999998,37795384.24848485,5
w77,1,3,0,0.18481151999999998,37695393.0,1
w03,1,250,0,15.400959999999998,37562372.484,5
w54,1,104,0,6.406799359999999,37500111.04807692,1
w01,1,39,0,2.40254976,37418032.025641024,1
w86,1,2,0,0.12320767999999999,37332312.0,1
w02,1,313,0,19.28200192,37287606.182108626,312
w02,1,314,0,19.34360576,37173326.15605096,1
w02,1,315,0,19.4052096,37058430.54603174,1
w70,1,1,0,0.06160383999999999,36941721.0,1.0
w09,1,169,0,10.411048959999999,36901508.46745562,4
w02,1,317,0,19.52841728,36830381.899053626,2
w06,1,38,0,2.34094592,36664343.421052635,2
w02,1,320,0,19.713228799999996,36493506.7875,3
w01,1,40,0,2.4641535999999995,36490889.45,1
w09,1,172,0,10.595860479999999,36258379.62209302,3
w34,1,37,0,2.2793420799999997,36005768.45945946,36
w02,1,325,0,20.021247999999996,35944900.772307694,5
w09,1,174,0,10.719068159999999,35841942.62068965,2
w02,1,326,0,20.082851839999996,35836536.030674845,1
w02,1,327,0,20.144455679999997,35728205.91437309,1
w03,1,263,0,16.20180992,35706200.482889734,13
w01,1,41,0,2.5257574399999996,35608670.34146342,1
w03,1,264,0,16.26341376,35570987.76136363,1
w02,1,329,0,20.267663359999997,35513189.31610942,2
w93,1,6,0,0.36962303999999996,35488642.166666664,1
w03,1,266,0,16.38662144,35303611.43984962,2
w02,1,332,0,20.452474879999997,35194854.87951807,3
w34,1,38,0,2.34094592,35070338.7631579,1
w09,1,178,0,10.96548352,35037127.25280899,4
w02,1,334,0,20.575682559999997,34985644.224550895,2
w58,1,8,0,0.49283071999999994,34952670.25,1
w54,1,112,0,6.89963008,34825726.41964286,8
w02,1,336,0,20.698890239999997,34778823.16071428,2
w01,1,42,0,2.5873612799999997,34768041.78571428,1
w42,1,8,0,0.49283071999999994,34676438.875,1
w83,1,2,0,0.12320767999999999,34622656.0,1
w02,1,341,0,21.006909439999998,34271740.34017596,5
w38,1,5,0,0.30801919999999994,34007299.4,1
w06,1,41,0,2.5257574399999996,33997668.414634146,3
w01,1,43,0,2.6489651199999997,33965822.325581394,1
w24,1,17,0,1.04726528,33503990.11764706,2
w02,1,349,0,21.499740159999998,33489562.318051577,8
w09,1,187,0,11.519918079999998,33352127.647058822,9
w01,1,44,0,2.71056896,33199905.59090909,1
w06,1,42,0,2.5873612799999997,33193204.92857143,1
w54,1,120,0,7.392460799999999,32506929.358333334,8
w01,1,45,0,2.7721728,32467606.133333333,1
w06,1,43,0,2.6489651199999997,32425108.255813953,1
w54,1,121,0,7.4540646399999995,32238561.190082643,1
w02,1,365,0,22.485401599999996,32026961.832876712,16
w01,1,46,0,2.8337766399999995,31766909.173913043,1
w34,1,40,0,2.4641535999999995,31760180.976190478,2
w34,2,40,2,2.4672255999999995,31760180.976190478,2
w65,2,15,4,0.9302016,31692786.63157895,4
w24,2,17,1,1.04880128,31646322.388888888,1
w09,2,187,11,11.536814079999997,31500660.616161615,11
w09,2,187,12,11.538350079999999,31342491.904522613,1
w58,2,8,1,0.4943667199999999,31117701.111111112,1
w01,2,46,1,2.8353126399999997,31095842.78723404,1
w34,2,40,3,2.4687615999999997,31028583.558139537,1
w54,2,121,6,7.46328064,30716508.771653544,6
w37,2,4,1,0.24795135999999998,30552672.2,1
w01,2,46,2,2.8368486399999995,30452581.291666668,1
w34,2,40,4,2.4702975999999994,30330065.113636363,1
w62,2,3,1,0.18634752,30156605.75,1
w16,2,1,17,0.08771583999999999,30112694.166666668,17
w24,2,17,2,1.05033728,29984024.684210528,1
w09,2,187,22,11.553710079999998,29844025.33492823,10
w01,2,46,3,2.8383846399999997,29835472.163265307,1
w09,2,187,23,11.555246079999998,29702026.004761904,1
w34,2,40,5,2.4718335999999996,29660235.71111111,1
w09,2,187,24,11.556782079999998,29561367.83886256,1
w09,2,187,25,11.558318079999998,29422033.78773585,1
w01,2,46,4,2.8399206399999994,29242979.14,1
w06,2,43,5,2.65664512,29064279.208333332,5
w34,2,40,6,2.4733695999999994,29019043.06521739,1
w09,2,187,31,11.567534079999998,28612846.40825688,6
w02,2,365,45,22.554521599999998,28524510.890243903,45
w24,2,17,3,1.05187328,28487696.95,1
w06,2,43,6,2.6581811199999996,28473779.244897958,1
w38,2,5,1,0.3095551999999999,28354925.166666668,1
w09,2,187,33,11.570606079999997,28352925.277272727,2
w77,2,3,1,0.18634752,28286243.5,1
w58,2,8,2,0.49590271999999996,28044543.1,1
w68,2,0,1,0.001536,27916288.0,1.0
w67,2,1,1,0.06313983999999999,27407947.0,1
w65,2,15,7,0.9348095999999999,27375054.181818184,3
w03,2,266,79,16.50796544,27221622.104347825,79
w85,2,6,4,0.37576703999999994,27216305.6,4
w56,2,0,1,0.001536,27174589.0,1.0
w16,2,1,19,0.09078784,27154321.8,2
w24,2,17,4,1.05340928,27133477.85714286,1
w09,2,187,46,11.590574079999998,26772164.45493562,13
w01,2,46,9,2.8476006399999996,26602890.6,5
w87,2,2,1,0.12474367999999998,26392159.333333332,1
w06,2,43,10,2.6643251199999995,26333209.094339624,4
w71,2,1,1,0.06313983999999999,26246583.0,1
w65,2,15,8,0.9363455999999999,26186035.086956523,1
w01,2,46,10,2.8491366399999993,26131058.5,1
w24,2,17,5,1.0549452799999999,25902236.136363637,1
w16,2,1,20,0.09232383999999999,25874561.85714286,1
w01,2,46,11,2.8506726399999995,25675663.61403509,1
w81,2,4,4,0.25255935999999996,25641745.0,4
w17,2,1,4,0.06774783999999999,25568178.8,4
w58,2,8,3,0.49743871999999995,25528784.90909091,1
w37,2,4,2,0.24948735999999996,25467574.166666668,1
w09,2,187,59,11.610542079999998,25358452.971544717,13
w105,2,4,2,0.24948735999999996,25277067.333333332,2
w01,2,46,12,2.8522086399999993,25235862.189655174,1
w03,2,266,107,16.55097344,25178814.493297588,28
w09,2,187,61,11.613614079999998,25154111.044354837,2
w02,2,365,103,22.643609599999994,24994564.967948716,58
w03,2,266,111,16.55711744,24911745.95490716,4
w86,2,2,1,0.12474367999999998,24889188.333333332,1
w84,2,0,1,0.001536,24854926.0,1.0
w01,2,46,13,2.8537446399999995,24810871.101694915,1
w24,2,17,6,1.0564812799999999,24777945.43478261,1
w09,2,187,65,11.619758079999999,24755147.095238097,4
w09,2,187,68,11.624366079999998,24464128.588235293,3
w01,2,46,14,2.8552806399999997,24399853.433333334,1
w09,2,187,69,11.625902079999998,24368636.53515625,1
w74,2,0,1,0.001536,24327405.0,1.0
w62,2,3,2,0.18788351999999997,24128304.4,1
w01,2,46,15,2.8568166399999995,24002264.524590164,1
w11,2,1,90,0.19984384,23763959.13186813,90
w75,2,1,1,0.06313983999999999,23739673.5,1
w06,2,43,16,2.67354112,23665474.474576272,6
w18,2,1,21,0.09385984,23659005.954545453,21
w16,2,1,22,0.09539584,23648455.47826087,2
w01,2,46,16,2.8583526399999997,23617374.725806452,1
w58,2,8,4,0.4989747199999999,23430770.5,1
w06,2,43,17,2.6750771199999996,23272592.433333334,1
w01,2,46,17,2.8598886399999994,23244613.095238097,1
w09,2,187,83,11.647406079999998,23106017.662962962,14
w83,2,2,1,0.12474367999999998,23085006.333333332,1
w06,2,43,18,2.67661312,22892499.672131147,1
w01,2,46,18,2.8614246399999996,22883434.515625,1
w11,2,1,94,0.20598784,22802347.12631579,4
w24,2,17,8,1.05955328,22799005.2,2
w81,2,4,5,0.25409536,22795868.0,1
w104,2,3,3,0.18941951999999998,22795265.666666668,3
w77,2,3,2,0.18788351999999997,22639686.0,1
w11,2,1,95,0.20752384,22573922.09375,1
w01,2,46,19,2.8629606399999994,22533327.10769231,1
w02,2,365,158,22.728089599999997,22367475.12619503,55
w03,2,266,155,16.62470144,22308937.74821853,44
w09,2,187,93,11.662766079999999,22281432.760714285,10
w01,2,46,20,2.8644966399999996,22193804.893939395,1
w11,2,1,97,0.21059584,22130807.08163265,2
w03,2,266,162,16.63545344,21944196.221962616,7
w44,2,4,4,0.25255935999999996,21896471.75,4
w03,2,266,164,16.63852544,21842164.59767442,2
w37,2,4,3,0.25102336,21834449.14285714,1
w18,2,1,23,0.09693183999999999,21745527.5,2
w58,2,8,5,0.50051072,21649328.769230768,1
w08,2,32,294,2.4229068799999998,21572388.05214724,294
w09,2,187,103,11.678126079999998,21513698.94827586,10
w06,2,43,22,2.6827571199999998,21488679.769230768,4
w17,2,1,5,0.06928384,21320302.833333332,1
w57,2,0,1,0.001536,21309851.0,1.0
w11,2,1,101,0.21673984,21295471.74509804,4
w01,2,46,23,2.8691046399999993,21234035.31884058,3
w24,2,17,10,1.06262528,21113004.0,2
w09,2,187,109,11.687342079999999,21077948.679054055,6
w01,2,46,24,2.8706406399999995,20932356.828571428,1
w18,2,1,24,0.09846784,20901744.8,1
w09,2,187,112,11.691950079999998,20866631.086956523,3
w09,2,187,113,11.693486079999998,20797130.233333334,1
w11,2,1,104,0.22134784,20710523.485714287,3
w09,2,187,115,11.696558079999999,20659505.228476822,2
w01,2,46,25,2.8721766399999997,20639158.46478873,1
w09,2,187,116,11.698094079999999,20591371.488448843,1
w06,2,43,25,2.68736512,20543712.13235294,3
w01,2,46,26,2.8737126399999995,20354083.5,1
w58,2,8,6,0.50204672,20120462.714285713,1
w18,2,1,25,0.10000384,20114669.5,1
w35,2,0,1,0.001536,20043368.0,1.0
w09,2,187,125,11.711918079999998,19997816.237179488,9
w11,2,1,108,0.22749184,19980301.79816514,4
w06,2,43,27,2.69043712,19958728.65714286,2
w22,2,1,15,0.08464384,19933110.625,15
w03,2,266,206,16.70303744,19899204.59745763,42
w87,2,2,2,0.12627967999999998,19857542.75,1
w09,2,187,128,11.716526079999998,19807499.412698414,3
w01,2,46,28,2.8767846399999994,19807046.662162162,2
w11,2,1,109,0.22902784,19805951.37272727,1
w89,2,1,1,0.06313983999999999,19758990.0,1
w09,2,187,129,11.718062079999997,19744860.044303797,1
w06,2,43,28,2.6919731199999997,19678490.95774648,1
w92,2,6,6,0.37883903999999996,19570577.333333332,6
w01,2,46,29,2.8783206399999997,19544330.453333333,1
w44,2,4,5,0.25409536,19466063.555555556,1
w16,2,1,27,0.10307584,19462118.285714287,5
w18,2,1,26,0.10153983999999999,19383023.85185185,1
w11,2,1,112,0.23363584,19300540.78761062,3
w01,2,46,30,2.8798566399999994,19288466.210526317,1
w03,2,266,221,16.726077439999997,19286508.04312115,15
w09,2,187,138,11.731886079999999,19198449.701538462,9
w105,2,4,4,0.25255935999999996,18976355.375,2
w09,2,187,142,11.738030079999998,18965195.896656536,4
w11,2,1,115,0.23824383999999998,18820805.646551725,3
w29,2,1,15,0.08464384,18813034.6875,15
w16,2,1,28,0.10461184,18797770.103448275,1
w58,2,8,7,0.5035827199999999,18793383.666666668,1
w22,2,1,16,0.08617984,18769195.88235294,1
w54,2,121,87,7.58769664,18761868.831730768,81
w54,2,121,88,7.58923264,18672162.09569378,1
w86,2,2,2,0.12627967999999998,18667250.25,1
w54,2,121,89,7.590768639999999,18583307.09047619,1
w27,2,1,14,0.08310783999999999,18525584.733333334,14
w11,2,1,117,0.24131584,18514125.601694915,2
w54,2,121,90,7.592304639999999,18495281.86255924,1
w01,2,46,34,2.8860006399999993,18328844.5625,4
w67,2,1,2,0.06467584,18284181.333333332,1
w18,2,1,28,0.10461184,18070393.24137931,2
w11,2,1,122,0.24899584,17790704.747967478,5
w29,2,1,16,0.08617984,17748103.70588235,1
w22,2,1,17,0.08771583999999999,17733510.611111112,1
w11,2,1,123,0.25053184,17653011.879032258,1
w58,2,8,8,0.5051187199999999,17630500.875,1
w16,2,1,30,0.10768384,17597165.35483871,2
w11,2,1,124,0.25206784,17517450.864,1
w18,2,1,29,0.10614784,17477601.9,1
w41,2,0,1,0.001536,17451945.0,1.0
w42,2,8,8,0.5051187199999999,17400673.4375,8
w27,2,1,15,0.08464384,17387699.625,1
w24,2,17,16,1.07184128,17280226.12121212,6
w62,2,3,4,0.19095552,17238189.85714286,2
w11,2,1,127,0.25667584,17123304.7109375,3
w104,2,3,5,0.19249151999999997,17097250.0,2
w01,2,46,40,2.8952166399999997,17056595.593023255,6
w16,2,1,31,0.10921983999999998,17052283.9375,1
w11,2,1,128,0.25821183999999997,16995904.007751938,1
w37,2,4,5,0.25409536,16989491.111111112,2
w105,2,4,5,0.25409536,16873936.111111112,1
w11,2,1,129,0.25974784,16870349.230769232,1
w29,2,1,17,0.08771583999999999,16800091.388888888,1
w65,2,15,21,0.9563135999999999,16739553.583333334,13
w01,2,46,42,2.8982886399999996,16670894.636363637,2
w106,2,0,1,0.001536,16516818.0,1.0
w01,2,46,43,2.8998246399999994,16484524.460674157,1
w18,2,1,31,0.10921983999999998,16400431.4375,2
w42,2,8,9,0.5066547199999999,16383914.588235294,1
w27,2,1,16,0.08617984,16383305.294117646,1
w01,2,46,44,2.9013606399999996,16302277.2,1
w32,2,3,19,0.21399552,16291953.5,19
w65,2,15,22,0.9578496,16287737.324324325,1
w54,2,121,121,7.63992064,16127311.466942148,31
w22,2,1,19,0.09078784,15972241.85,2
w29,2,1,18,0.08925184,15950655.842105264,1
w87,2,2,3,0.12781568,15932794.4,1
w11,2,1,137,0.27203584000000003,15929958.913043479,8
w18,2,1,32,0.11075584,15909146.303030303,1
w75,2,1,2,0.06467584,15887322.0,1
w11,2,1,138,0.27357184,15819908.294964029,1
w01,2,46,47,2.9059686399999993,15778890.086021505,3
w03,2,266,224,16.73068544,19168468.15510204,3
w58,2,8,10,0.50819072,15690108.055555556,2
w63,2,6,13,0.38959103999999994,15660750.52631579,13
w01,2,46,48,2.9075046399999995,15611791.457446808,1
w16,2,1,34,0.11382783999999999,15601304.942857143,3
w42,2,8,10,0.50819072,15480013.0,1
w18,2,1,33,0.11229184,15446559.911764706,1
w04,2,89,543,6.31678976,15295262.243670886,543
w11,2,1,143,0.28125184000000003,15291694.430555556,5
w02,2,365,403,23.104409599999997,15233190.895833334,245
w05,2,9,1,0.5559705599999999,837184195.2,1
w93,2,6,8,0.38191104,15216095.785714285,8
w06,2,43,49,2.7242291199999995,15199651.18478261,21
w105,2,4,6,0.25563136,15190053.5,1
w29,2,1,19,0.09078784,15185469.9,1
w16,2,1,35,0.11536384,15171320.916666666,1
w04,2,89,549,6.326005759999999,15151561.971786834,6
w04,2,89,550,6.32754176,15127873.89201878,1
w02,2,365,409,23.113625599999995,15115127.688630491,6
w04,2,89,551,6.32907776,15104259.1640625,1
w02,2,365,413,23.119769599999994,15037415.962724935,4
w04,2,89,554,6.33368576,15033853.503888024,3
w86,2,2,3,0.12781568,14933960.0,1
w04,2,89,561,6.34443776,14872100.975384615,7
w52,2,1,4,0.06774783999999999,14856200.4,4
w01,2,46,53,2.9151846399999997,14826856.969696969,5
w11,2,1,148,0.28893184,14798912.154362416,5
w16,2,1,36,0.11689983999999999,14764495.675675675,1
w11,2,1,149,0.29046784000000003,14704190.533333333,1
w01,2,46,54,2.9167206399999994,14679227.07,1
w42,2,8,11,0.50972672,14670865.47368421,1
w04,2,89,572,6.36133376,14624840.121028744,11
w04,2,89,573,6.36286976,14602769.080060422,1
w18,2,1,35,0.11536384,14596362.388888888,2
w04,2,89,576,6.36747776,14536953.860150376,3
w29,2,1,20,0.09232383999999999,14491202.38095238,1
w11,2,1,152,0.29507584,14427160.816993464,3
w01,2,46,56,2.9197926399999994,14392575.392156864,2
w16,2,1,37,0.11843583999999999,14378955.789473685,1
w65,2,15,27,0.9655295999999999,14351173.738095239,5
w95,2,1,3,0.06621184,14293616.75,3
w01,2,46,57,2.9213286399999996,14253407.504854368,1
w48,2,1,157,0.30275584,14236002.683544304,157
w18,2,1,36,0.11689983999999999,14205664.675675675,1
w07,2,0,1,0.001536,14140650.0,1.0
w58,2,8,12,0.51126272,14135603.15,2
w13,2,1,93,0.20445184,14129605.946808511,93
w01,2,46,58,2.9228646399999993,14116900.115384616,1
w04,2,89,597,6.39973376,14092363.20845481,21
w11,2,1,156,0.30121984,14073670.700636942,4
w48,2,1,159,0.30582783999999996,14060445.5875,2
w04,2,89,599,6.40280576,14051436.492732558,2
w12,2,0,1,0.001536,14036141.0,1.0
w65,2,15,28,0.9670656,14017838.790697675,1
w01,2,46,59,2.9244006399999996,13982979.466666667,1
w48,2,1,160,0.30736384,13973400.683229813,1
w27,2,1,19,0.09078784,13971578.85,3
w04,2,89,606,6.41355776,13910046.371223021,7
w22,2,1,22,0.09539584,13900852.347826088,3
w48,2,1,161,0.30889984000000004,13887361.0,1
w29,2,1,21,0.09385984,13858846.590909092,1
w83,2,2,3,0.12781568,13853951.6,2
w01,2,46,60,2.9259366399999993,13851554.556603774,1
w13,2,1,95,0.20752384,13850004.322916666,2
w11,2,1,160,0.30736384,13737689.950310558,4
w01,2,46,62,2.9290086399999997,13596005.925925925,2
w11,2,1,162,0.31043584,13575706.435582822,2
w58,2,8,13,0.5127987199999999,13469123.0,1
w13,2,1,98,0.21213184,13451232.292929294,3
w11,2,1,164,0.31350784,13417589.38181818,2
w27,2,1,20,0.09232383999999999,13319554.476190476,1
w87,2,2,4,0.12935168,13303363.833333334,1
w29,2,1,22,0.09539584,13279907.304347826,1
w11,2,1,167,0.31811584000000004,13187374.916666666,3
w71,2,1,3,0.06621184,13163377.0,2
w04,2,89,647,6.47653376,13135907.116847826,41
w11,2,1,168,0.31965184,13112446.579881657,1
w65,2,15,31,0.9716735999999999,13104765.869565217,3
w04,2,89,650,6.48114176,13082634.445196211,3
w65,2,15,32,0.9732095999999999,12826273.680851065,1
w11,2,1,172,0.32579583999999995,12820989.109826589,4
w22,2,1,24,0.09846784,12794500.76,2
w11,2,1,173,0.32733184000000004,12750199.201149425,1
w29,2,1,23,0.09693183999999999,12747732.375,1
w42,2,8,14,0.5143347199999999,12683259.863636363,3
w11,2,1,175,0.33040384,12611013.460227273,2
w11,2,1,176,0.33193984,12542575.644067796,1
w86,2,2,4,0.12935168,12445046.833333334,1
w84,2,0,2,0.003072,12433561.0,1
w16,2,1,43,0.12765184,12431596.0,6
w11,2,1,178,0.33501183999999995,12407902.296089385,2
w58,2,8,15,0.5158707199999999,12307121.608695652,2
w22,2,1,25,0.10000384,12303937.884615384,1
w29,2,1,24,0.09846784,12257281.4,1
w74,2,0,2,0.003072,12193705.0,1
w27,2,1,22,0.09539584,12185532.826086957,2
w02,2,365,598,23.403929599999994,12148629.26687435,185
w42,2,8,15,0.5158707199999999,12135713.43478261,1
w02,2,365,600,23.407001599999997,12123450.769948186,2
w02,2,365,601,23.408537599999995,12110900.618012423,1
w02,2,365,607,23.417753599999998,12036141.977366256,6
w11,2,1,184,0.34422783999999995,12021226.075675676,6
w11,2,1,185,0.34576384000000004,11959196.91935484,1
w75,2,1,3,0.06621184,11942791.0,1
w11,2,1,186,0.34729984,11897808.288770054,1
w16,2,1,45,0.13072383999999998,11894374.06521739,2
w06,2,43,75,2.76416512,11861878.415254237,26
w04,2,89,728,6.60094976,11834790.70501836,78
w05,2,9,7,0.5651865599999999,523245078.5,6
w05,2,9,10,0.56979456,440629515.31578946,3
w29,2,1,25,0.10000384,11803673.307692308,1
w58,2,8,16,0.51740672,11798370.958333334,1
w27,2,1,23,0.09693183999999999,11688939.125,1
w48,2,1,192,0.35651584000000003,11661284.176165802,31
w16,2,1,46,0.13225984,11642733.851063829,1
w42,2,8,16,0.51740672,11633463.708333334,1
w04,2,89,752,6.63781376,11497392.095124852,24
w11,2,1,193,0.35805184,11485595.12371134,7
w01,2,46,82,2.9597286399999994,11479647.9296875,20
w04,2,89,755,6.6424217599999995,11456564.63507109,3
w60,2,1,15,0.08464384,11422773.125,15
w05,2,9,11,0.5713305599999999,418598667.1,1
w87,2,2,5,0.13088767999999998,11417966.857142856,1
w16,2,1,47,0.13379584,11401545.0,1
w38,2,5,10,0.3233791999999999,11387699.666666666,9
w29,2,1,26,0.10153983999999999,11383058.25925926,1
w11,2,1,195,0.36112384,11373069.607142856,2
w77,2,3,7,0.19556352,11344469.6,5
w01,2,46,84,2.9628006399999993,11303819.792307692,2
w06,2,43,81,2.77338112,11290339.39516129,6
w13,2,1,118,0.24285183999999999,11286233.983193276,20
w11,2,1,197,0.36419584000000005,11262795.035353536,2
w04,2,89,772,6.66853376,11230579.37630662,17
w18,2,1,46,0.13225984,11210977.255319148,10
w11,2,1,198,0.36573184000000003,11208431.095477387,1
w16,2,1,48,0.13533183999999998,11169795.448979592,1
w04,2,89,777,6.6762137599999996,11165801.20438799,5
w11,2,1,199,0.36726784,11154563.89,1
w63,2,6,21,0.40187903999999997,11103571.666666666,8
w11,2,1,200,0.36880384,11101226.12437811,1
w30,2,0,1,0.001536,11008181.0,1.0
w29,2,1,27,0.10307584,10991443.142857144,1
w04,2,89,797,6.70693376,10913998.513544017,20
w04,2,89,798,6.70846976,10901706.33934611,1
w105,2,4,10,0.26177535999999996,10858483.642857144,4
w01,2,46,90,2.9720166399999997,10806936.713235294,6
w18,2,1,48,0.13533183999999998,10757565.265306123,2
w11,2,1,207,0.37955584,10741941.35576923,7
w63,2,6,22,0.40341503999999995,10716832.92857143,1
w38,2,5,11,0.32491519999999996,10679387.9375,1
w11,2,1,209,0.38262784000000005,10643596.638095237,2
w04,2,89,820,6.74226176,10638118.08690869,22
w29,2,1,28,0.10461184,10626214.0,1
w06,2,43,89,2.7856691199999997,10608685.825757576,8
w13,2,1,127,0.25667584,10522239.359375,9
w13,2,1,128,0.25821183999999997,10443840.57364341,1
w27,2,1,26,0.10153983999999999,10418346.703703703,3
w04,2,89,842,6.77605376,10386986.105263159,22
w22,2,1,30,0.10768384,10324669.387096774,5
w77,2,3,8,0.19709951999999997,10316458.0,1
w44,2,4,13,0.26638335999999996,10312910.0,8
w29,2,1,29,0.10614784,10284627.9,1
w60,2,1,17,0.08771583999999999,10174020.888888888,2
w105,2,4,11,0.26331136,10135573.8,1
w04,2,89,866,6.8129177599999995,10126218.908900524,24
w13,2,1,133,0.26589184,10067555.171641791,5
w27,2,1,27,0.10307584,10054927.464285715,1
w38,2,5,12,0.32645119999999994,10054402.764705881,1
w35,2,0,2,0.003072,10042064.0,1
w11,2,1,223,0.40413184,10003971.598214285,14
w13,2,1,134,0.26742783999999997,9995634.807407407,1
w04,2,89,881,6.835957759999999,9969790.701030929,15
w29,2,1,30,0.10768384,9964600.838709677,1
w89,2,1,3,0.06621184,9890848.75,2
w04,2,89,893,6.85438976,9848083.226069247,12
w11,2,1,227,0.41027583999999995,9835215.131578946,4
w27,2,1,28,0.10461184,9716349.068965517,1
w63,2,6,25,0.40802303999999995,9705872.096774194,3
w29,2,1,31,0.10921983999999998,9664198.25,1
w60,2,1,18,0.08925184,9645685.263157895,1
w76,2,0,1,0.001536,9611562.0,1.0
w75,2,1,4,0.06774783999999999,9569981.8,1
w11,2,1,235,0.42256384,9514800.79237288,8
w38,2,5,13,0.3279871999999999,9496851.833333334,1
w06,2,43,105,2.81024512,9466435.331081081,16
w06,2,43,106,2.8117811199999996,9403083.77852349,1
w13,2,1,143,0.28125184000000003,9391851.118055556,9
w29,2,1,32,0.11075584,9381420.666666666,1
w06,2,43,107,2.81331712,9340547.593333334,1
w86,2,2,6,0.13242368,9333882.625,2
w13,2,1,144,0.28278784,9329361.110344827,1
w01,2,46,114,3.0088806399999997,9191223.4,24
w11,2,1,244,0.43638783999999997,9178920.959183674,9
w60,2,1,19,0.09078784,9167516.0,1
w22,2,1,34,0.11382783999999999,9146959.228571428,4
w01,2,46,115,3.0104166399999994,9134350.57142857,1
w16,2,1,59,0.15222784,9129917.983333332,11
w29,2,1,33,0.11229184,9115051.205882354,1
w04,2,89,981,6.989557759999999,9038956.102803739,88
w13,2,1,151,0.29353984,8914206.394736841,7
w01,2,46,119,3.0165606399999993,8913728.587878788,4
w11,2,1,252,0.44867584000000005,8899864.509881424,8
w29,2,1,34,0.11382783999999999,8863548.514285713,1
w13,2,1,152,0.29507584,8857659.14379085,1
w11,2,1,255,0.45328384,8799457.015625,3
w04,2,89,1011,7.03563776,8792698.021818181,30
w01,2,46,122,3.0211686399999995,8755069.041666666,3
w11,2,1,259,0.45942784000000003,8669168.76923077,4
w04,2,89,1030,7.064821759999999,8643562.059874889,19
w29,2,1,35,0.11536384,8625923.138888888,1
w01,2,46,125,3.0257766399999997,8601904.274853801,3
w04,2,89,1037,7.075573759999999,8589885.688277086,7
w06,2,43,121,2.8348211199999995,8545110.170731707,14
w24,2,17,50,1.12406528,8527441.014925374,34
w48,2,1,264,0.46710784000000005,8498364.520754717,72
w11,2,1,265,0.46864384000000003,8481057.69924812,6
w22,2,1,37,0.11843583999999999,8425941.315789474,3
w11,2,1,267,0.47171584,8420196.94402985,2
w29,2,1,36,0.11689983999999999,8400643.054054054,1
w60,2,1,21,0.09385984,8341556.7272727275,2
w27,2,1,33,0.11229184,8321935.0,5
w11,2,1,271,0.47785984000000004,8301018.930147059,4
w06,2,43,126,2.8425011199999997,8292701.325443787,5
w04,2,89,1080,7.14162176,8274251.435414884,43
w106,2,0,2,0.003072,8272982.5,1
w20,2,1,522,0.86339584,8267050.986615679,522
w05,2,9,12,0.5728665599999999,398665904.6666667,1
w05,2,9,13,0.5744025599999999,380545203.22727275,1
w42,2,8,26,0.5327667199999999,8234440.352941177,10
w04,2,89,1090,7.15698176,8204147.460559797,10
w20,2,1,527,0.8710758399999999,8188863.774621212,5
w29,2,1,37,0.11843583999999999,8186872.578947368,1
w11,2,1,275,0.48400383999999996,8185271.731884058,4
w32,2,3,41,0.24778751999999998,8185031.5227272725,22
w63,2,6,31,0.41723903999999995,8168444.864864865,6
w11,2,1,276,0.48553984000000006,8156850.180505415,1
w13,2,1,167,0.31811584000000004,8089663.80952381,15
w78,2,1,16,0.08617984,8075884.05882353,16
w32,2,3,42,0.24932351999999997,8004580.177777777,1
w42,2,8,27,0.5343027199999999,8001352.542857143,1
w29,2,1,38,0.11997184,7983728.615384615,1
w60,2,1,22,0.09539584,7981243.304347826,1
w20,2,1,545,0.8987238399999999,7919230.441391941,18
w89,2,1,4,0.06774783999999999,7916127.6,1
w13,2,1,171,0.32425983999999997,7906907.651162791,4
w27,2,1,35,0.11536384,7871695.194444444,2
w24,2,17,56,1.13328128,7829129.410958904,6
w13,2,1,173,0.32733184000000004,7818504.425287357,2
w29,2,1,39,0.12150783999999999,7790460.0,1
w13,2,1,174,0.32886784,7775038.177142858,1
w04,2,89,1170,7.279861759999999,7683399.238284352,80
w04,2,89,1173,7.2844697599999995,7665154.896988907,3
w27,2,1,36,0.11689983999999999,7664500.162162162,1
w78,2,1,17,0.08771583999999999,7644890.222222222,1
w29,2,1,40,0.12304383999999999,7606373.1707317075,1
w33,2,0,1,0.001536,7575638.0,1.0
w04,2,89,1188,7.307509759999999,7575218.343774471,15
w71,2,1,6,0.07081984,7554053.428571428,3
w04,2,89,1198,7.32286976,7516424.6658896655,10
w07,2,0,2,0.003072,7500199.0,1
w04,2,89,1201,7.32747776,7498963.87751938,3
w04,2,89,1202,7.32901376,7493161.5879163435,1
w27,2,1,37,0.11843583999999999,7468085.236842105,1
w86,2,2,8,0.13549567999999998,7467178.6,2
w04,2,89,1211,7.34283776,7441342.027692308,9
w29,2,1,41,0.12457984,7430929.80952381,1
w20,2,1,583,0.95709184,7404578.784246575,38
w63,2,6,35,0.42338303999999993,7391916.268292683,4
w36,2,0,1,0.001536,7379540.0,1.0
w58,2,8,31,0.5404467199999999,7293862.384615385,15
w27,2,1,38,0.11997184,7281510.256410256,1
w29,2,1,42,0.12611583999999998,7263455.2558139535,1
w20,2,1,596,0.97705984,7243536.371859296,13
w04,2,89,1247,7.3981337599999994,7241044.851796407,36
w32,2,3,47,0.25700352,7210349.08,5
w01,2,46,159,3.0780006399999995,7179104.917073171,34
w01,2,46,160,3.0795366399999997,7144354.86407767,1
w13,2,1,190,0.35344383999999995,7139550.183246073,16
w29,2,1,43,0.12765184,7103532.136363637,1
w04,2,89,1279,7.44728576,7071850.587719298,32
w12,2,0,2,0.003072,7059627.5,1
w63,2,6,37,0.42645503999999995,7057313.558139535,2
w99,2,3,23,0.22013951999999998,7022272.269230769,23
w69,2,1,32,0.11075584,7014886.060606061,32
w22,2,1,45,0.13072383999999998,6962637.065217392,8
w29,2,1,44,0.12918784,6950510.6,1
w04,2,89,1304,7.485685759999999,6945074.708542714,25
w27,2,1,40,0.12304383999999999,6935004.682926829,2
w63,2,6,38,0.42799104,6901166.386363637,1
w04,2,89,1316,7.50411776,6885821.925266904,12
w13,2,1,199,0.36726784,6826722.775,9
w69,2,1,33,0.11229184,6816929.029411765,1
w29,2,1,45,0.13072383999999998,6803905.717391305,1
w20,2,1,635,1.03696384,6799899.8364779875,39
w86,2,2,9,0.13703168,6788370.818181818,1
w39,2,0,1,0.001536,6703744.0,1.0
w32,2,3,51,0.26314751999999997,6680690.166666667,4
w29,2,1,46,0.13225984,6663270.531914894,1
w24,2,17,69,1.15324928,6649410.127906977,13
w55,2,1,9,0.07542784,6608778.7,9
w04,2,89,1376,7.5962777599999995,6604116.989761092,60
w03,2,266,342,16.91193344,15449505.202302631,118
w78,2,1,20,0.09232383999999999,6591426.523809524,3
w04,2,89,1384,7.608565759999999,6568289.923285811,8
w06,2,43,171,2.9116211199999995,6550430.696261683,45
w01,2,46,179,3.1087206399999996,6542525.911111111,19
w29,2,1,47,0.13379584,6528431.729166667,1
w01,2,46,180,3.1102566399999994,6513651.411504425,1
w01,2,46,181,3.1117926399999996,6485028.030837004,1
w63,2,6,41,0.43259903999999993,6470473.765957447,3
w06,2,43,174,2.9162291199999997,6459938.235023041,3
w69,2,1,35,0.11536384,6451862.055555556,2
w20,2,1,670,1.0907238400000001,6445668.15052161,35
w06,2,43,175,2.91776512,6430326.866972477,1
w01,2,46,183,3.1148646399999995,6428524.624454148,2
w01,2,46,184,3.1164006399999993,6400633.226086956,1
w29,2,1,48,0.13533183999999998,6398949.3877551025,1
w01,2,46,186,3.1194726399999997,6345571.650862069,2
w60,2,1,28,0.10461184,6338246.655172414,6
w27,2,1,44,0.12918784,6334110.933333334,4
w78,2,1,21,0.09385984,6295929.2272727275,1
w20,2,1,686,1.11529984,6295749.777292577,16
w69,2,1,36,0.11689983999999999,6284058.783783784,1
w29,2,1,49,0.13686784,6274625.28,1
w86,2,2,10,0.13856768,6222688.083333333,1
w13,2,1,219,0.39798784,6221775.2272727275,20
w63,2,6,43,0.43567103999999995,6211870.204081632,2
w27,2,1,45,0.13072383999999998,6199884.695652174,1
w04,2,89,1476,7.74987776,6182599.812140575,92
w18,2,1,85,0.19216384,6170560.837209302,37
w13,2,1,221,0.40105984000000006,6167045.702702703,2
w29,2,1,50,0.13840384,6155025.156862745,1
w13,2,1,222,0.40259584000000004,6140047.206278027,1
w20,2,1,706,1.1460198400000001,6117892.168316832,20
w13,2,1,223,0.40413184,6113209.946428572,1
w18,2,1,86,0.19369983999999998,6100653.448275862,1
w13,2,1,224,0.40566784,6086555.871111111,1
w58,2,8,39,0.5527347199999999,6064239.234042553,8
w29,2,1,51,0.13993983999999998,6039809.019230769,1
w13,2,1,226,0.40873983999999997,6033922.1938326,2
w32,2,3,57,0.27236351999999997,6016799.766666667,6
w42,2,8,39,0.5527347199999999,5977877.191489362,12
w27,2,1,47,0.13379584,5948201.895833333,2
w01,2,46,202,3.1440486399999994,5936964.330645162,16
w29,2,1,52,0.14147584,5928900.981132075,1
w01,2,46,203,3.1455846399999996,5913169.899598394,1
w01,2,46,204,3.1471206399999994,5889565.588,1
w20,2,1,734,1.18902784,5885139.654421769,28
w13,2,1,234,0.42102784000000004,5832225.004255319,8
w69,2,1,39,0.12150783999999999,5829941.6,3
w29,2,1,53,0.14301184,5822000.666666667,1
w06,2,43,200,2.9561651199999996,5769124.119341563,25
w04,2,89,1595,7.93266176,5746209.447743468,119
w86,2,2,11,0.14010367999999998,5744030.307692308,1
w96,2,0,1,0.001536,5739875.0,1.0
w42,2,8,41,0.55580672,5736960.755102041,2
w20,2,1,755,1.2212838400000001,5721869.227513228,21
w29,2,1,54,0.14454783999999998,5718874.218181818,1
w27,2,1,49,0.13686784,5716451.44,2
w58,2,8,42,0.55734272,5703052.08,3
w13,2,1,241,0.43177984,5666677.396694215,7
w13,2,1,242,0.43331584,5643802.781893004,1
w06,2,43,206,2.96538112,5630170.610441767,6
w29,2,1,55,0.14608384,5619296.964285715,1
w27,2,1,50,0.13840384,5607211.0,1
w58,2,8,43,0.5588787199999999,5592069.0,1
w01,2,46,218,3.1686246399999995,5577789.106060606,14
w69,2,1,41,0.12457984,5562631.857142857,2
w01,2,46,219,3.1701606399999998,5556778.354716981,1
w06,2,43,210,2.97152512,5541185.426877471,4
w20,2,1,782,1.26275584,5524814.458492976,27
w106,2,0,3,0.004608,5519691.333333333,1
w06,2,43,211,2.9730611199999997,5519376.5984251965,1
w20,2,1,783,1.26429184,5517776.56505102,1
w06,2,43,212,2.97459712,5497736.431372549,1
w13,2,1,249,0.44406784,5488513.164,7
w06,2,43,213,2.9761331199999996,5476265.3203125,1
w29,2,1,57,0.14915583999999998,5430128.5344827585,2
w04,2,89,1694,8.08472576,5427549.449803702,99
w10,2,21,4,1.2998246399999998,317394107.48,4
w42,2,8,44,0.5604147199999999,5410203.134615385,3
w27,2,1,52,0.14147584,5401008.226415094,2
w01,2,46,228,3.1839846399999994,5374561.9927007295,9
w63,2,6,51,0.44795904,5358621.03508772,8
w13,2,1,256,0.45481984,5341596.817120623,7
w29,2,1,58,0.15069184,5340302.72881356,1
w86,2,2,12,0.14163968,5333751.785714285,1
w70,2,1,6,0.07081984,5327259.428571428,6
w88,2,1,10,0.07696383999999999,5317418.818181818,10
w32,2,3,65,0.28465152,5312431.029411765,8
w13,2,1,260,0.46096384,5261164.203065134,4
w60,2,1,34,0.11382783999999999,5258035.4,6
w04,2,89,1757,8.18149376,5242555.888949079,63
w13,2,1,261,0.46249984,5241357.240458015,1
w04,2,89,1758,8.18302976,5239721.218733081,1
w32,2,3,66,0.28618752,5235761.797101449,1
w04,2,89,1763,8.19070976,5225592.995680345,5
w10,2,21,5,1.3013606399999997,305187352.1923077,1
w10,2,21,7,1.30443264,283389536.25,2
w10,2,21,8,1.30596864,273618097.2758621,1
w20,2,1,829,1.33494784,5212352.059036145,46
w10,2,21,9,1.3075046399999999,264498057.46666667,1
w63,2,6,53,0.45103103999999994,5180799.237288136,2
w01,2,46,239,3.2008806399999994,5167465.76491228,11
w01,2,46,240,3.2024166399999996,5149427.916083916,1
w07,2,0,3,0.004608,5126639.333333333,1
w27,2,1,55,0.14608384,5118919.089285715,3
w01,2,46,242,3.2054886399999996,5113725.579861111,2
w69,2,1,45,0.13072383999999998,5097196.195652174,4
w63,2,6,54,0.45256704,5096115.183333334,1
w29,2,1,61,0.15529984,5088038.870967742,3
w04,2,89,1828,8.29054976,5048631.76369327,65
w16,2,1,108,0.22749184,5043714.348623853,49
w10,2,21,11,1.3105766399999998,247967943.125,2
w80,2,1,16,0.08617984,5021363.764705882,16
w29,2,1,62,0.15683584,5009161.26984127,1
w06,2,43,237,3.0129971199999996,5006961.128571428,24
w11,2,1,462,0.77123584,5004773.043196544,186
w10,2,21,14,1.3151846399999998,226714784.68571427,3
w13,2,1,274,0.48246784,4996575.014545455,13
w04,2,89,1848,8.32126976,4996571.280330407,20
w69,2,1,46,0.13225984,4992855.191489362,1
w86,2,2,13,0.14317567999999997,4978173.133333334,1
w06,2,43,239,3.0160691199999996,4971458.1560283685,2
w04,2,89,1859,8.338165759999999,4968393.136550308,11
w89,2,1,7,0.07235583999999999,4953916.0,3
w27,2,1,57,0.14915583999999998,4946996.189655173,2
w11,2,1,469,0.78198784,4934597.282978724,7
w29,2,1,63,0.15837183999999999,4932628.34375,1
w11,2,1,470,0.78352384,4924742.129511678,1
w11,2,1,471,0.78505984,4914870.512711864,1
w88,2,1,11,0.07849983999999999,4894744.916666667,1
w69,2,1,47,0.13379584,4892099.395833333,1
w29,2,1,64,0.15990784,4858304.446153847,1
w01,2,46,258,3.2300646399999997,4844984.0855263155,16
w13,2,1,283,0.49629184000000004,4840164.341549296,9
w01,2,46,259,3.2316006399999995,4829122.236065574,1
w76,2,0,2,0.003072,4816598.5,1
w27,2,1,59,0.15222784,4786306.35,2
w29,2,1,65,0.16144384,4786169.151515151,1
w80,2,1,17,0.08771583999999999,4752370.055555556,1
w04,2,89,1948,8.47486976,4751597.623465881,89
w20,2,1,867,1.39331584,4984432.652073733,38
w68,2,0,6,0.009216,4740206.0,5
w12,2,0,3,0.004608,4721196.666666667,1
w29,2,1,66,0.16297984,4716156.179104477,1
w22,2,1,67,0.16451584,4713187.029411765,22
w01,2,46,267,3.2438886399999998,4705873.367412141,8
w11,2,1,496,0.8234598399999999,4680807.798792756,25
w11,2,1,497,0.82499584,4671920.692771085,1
w24,2,17,106,1.21008128,4656627.390243903,37
w20,2,1,873,1.4025318400000002,4950255.922196796,6
w29,2,1,67,0.16451584,4648126.75,1
w27,2,1,61,0.15529984,4635776.354838709,2
w01,2,46,272,3.2515686399999995,4631990.6698113205,5
w11,2,1,509,0.84342784,4567471.205882353,12
w11,2,1,512,0.84803584,4542070.1072124755,3
w11,2,1,513,0.84957184,4533641.050583658,1
w04,2,89,2050,8.63154176,4525312.751753156,102
w03,2,266,401,17.00255744,14083451.629685158,59
w20,2,1,874,1.4040678400000002,4944605.138285714,1
w20,2,1,889,1.4271078400000001,4861362.251685393,15
w20,2,1,892,1.43171584,4845049.206047032,3
w20,2,1,900,1.4440038400000001,4802076.338512763,8
w20,2,1,921,1.4762598400000002,4692815.939262473,21
w20,2,1,939,1.50390784,4603048.176595745,18
w29,2,1,69,0.16758784,4517730.371428572,2
w80,2,1,18,0.08925184,4508743.894736842,1
w04,2,89,2061,8.64843776,4502190.656744186,11
w11,2,1,517,0.85571584,4500188.805019305,4
w01,2,46,282,3.2669286399999997,4490979.271341464,10
w04,2,89,2069,8.66072576,4485522.477757183,8
w01,2,46,283,3.2684646399999995,4477347.474164134,1
w58,2,8,56,0.5788467199999999,4462542.4375,13
w29,2,1,70,0.16912384,4455256.647887324,1
w91,2,1,22,0.09539584,4453846.260869565,22
w11,2,1,523,0.86493184,4450942.711832061,6
w11,2,1,524,0.86646784,4442830.171428571,1
w13,2,1,312,0.54083584,4397267.817891374,29
w29,2,1,71,0.17065984,4394463.736111111,1
w20,2,1,985,1.5745638400000002,4388520.553752536,46
w11,2,1,531,0.87721984,4386870.947368421,7
w11,2,1,540,0.89104384,4316932.330868762,9
w11,2,1,541,0.89257984,4309288.767527675,1
w18,2,1,123,0.25053184,4303361.54032258,37
w11,2,1,543,0.89565184,4294046.882352941,2
w69,2,1,54,0.14454783999999998,4288906.763636364,7
w72,2,1,12,0.08003584,4278646.461538462,12
w91,2,1,23,0.09693183999999999,4277271.666666667,1
w18,2,1,124,0.25206784,4269474.048,1
w11,2,1,547,0.90179584,4263863.945255474,4
w63,2,6,66,0.47099904,4262134.666666667,12
w11,2,1,552,0.90947584,4226745.50994575,5
w11,2,1,553,0.91101184,4219401.133574007,1
w69,2,1,55,0.14608384,4214890.125,1
w04,2,89,2210,8.87730176,4210779.1705089165,141
w63,2,6,67,0.47253503999999996,4204924.602739726,1
w11,2,1,558,0.91869184,4183020.6064400715,5
w20,2,1,1038,1.65597184,4164893.8055822905,53
w11,2,1,562,0.92483584,4154330.1474245116,4
w42,2,8,60,0.58499072,4152626.0735294116,16
w01,2,46,309,3.3084006399999994,4149861.076056338,26
w63,2,6,68,0.47407103999999994,4149213.0,1
w69,2,1,56,0.14761984,4143205.035087719,1
w106,2,0,4,0.006144,4141499.75,1
w11,2,1,565,0.92944384,4133041.6855123676,3
w06,2,43,297,3.10515712,4123555.794117647,58
w04,2,89,2265,8.96178176,4112523.836873407,55
w91,2,1,24,0.09846784,4110734.28,1
w87,2,2,18,0.15085568,4053302.65,13
w18,2,1,131,0.26281984,4046550.5833333335,7
w35,2,0,5,0.00768,4038020.0,3
w24,2,17,126,1.24080128,4008527.013986014,20
w01,2,46,323,3.3299046399999996,3992634.3062330624,14
w63,2,6,71,0.47867903999999994,3990605.6103896103,3
w42,2,8,63,0.5895987199999999,3979910.3661971833,3
w58,2,8,64,0.5911347199999999,3969070.5416666665,8
w63,2,6,72,0.4802150399999999,3940355.8974358975,1
w01,2,46,328,3.3375846399999993,3939332.5828877008,5
w16,2,1,139,0.27510784,3935509.407142857,31
w07,2,0,4,0.006144,3900695.5,1
w63,2,6,73,0.48175103999999996,3891302.911392405,1
w13,2,1,354,0.60534784,3883634.101408451,42
w13,2,1,355,0.60688384,3872859.7359550563,1
w29,2,1,81,0.18601984,3867621.2439024393,10
w87,2,2,19,0.15239167999999997,3863565.523809524,1
w27,2,1,74,0.17526784,3850860.5733333332,13
w11,2,1,611,1.00009984,3832689.2401960786,46
w11,2,1,612,1.00163584,3826653.106035889,1
w29,2,1,82,0.18755584,3821885.987951807,1
w11,2,1,615,1.00624384,3808657.975649351,3
w32,2,3,92,0.32612352,3808653.1894736844,26
w27,2,1,75,0.17680384,3801439.6052631577,1
w24,2,17,134,1.25308928,3797209.1854304634,8
w11,2,1,620,1.0139238400000001,3778986.9388083736,5
w29,2,1,83,0.18909183999999998,3777142.3214285714,1
w58,2,8,68,0.5972787199999999,3761155.2763157897,4
w66,2,2,63,0.21997568,3760704.4923076923,63
w14,2,77,7,4.75424768,48276315.333333336,7
w24,2,17,136,1.25616128,3747749.6666666665,2
w80,2,1,22,0.09539584,3742232.304347826,4
w72,2,1,14,0.08310783999999999,3731780.1333333333,2
w11,2,1,629,1.02774784,3726765.242857143,9
w11,2,1,631,1.0308198400000002,3715357.0617088606,2
w18,2,1,143,0.28125184000000003,3714708.965277778,12
w09,2,187,155,11.757998079999998,18244782.891812865,13
w66,2,2,64,0.22151168,3705295.8333333335,1
w87,2,2,20,0.15392767999999998,3690488.3636363638,1
w22,2,1,86,0.19369983999999998,3685378.3908045976,19
w11,2,1,638,1.04157184,3675984.3599374024,7
w13,2,1,376,0.63913984,3659691.9575596815,21
w66,2,2,65,0.22304767999999997,3650373.2835820895,1
w34,2,40,335,2.9787135999999994,3644283.1386666666,329
w09,2,187,171,11.782574079999998,17429936.259776536,16
w09,2,187,172,11.784110079999998,17381419.679665737,1
w09,2,187,173,11.785646079999998,17333172.277777776,1
w09,2,187,178,11.793326079999998,17095899.419178084,5
w09,2,187,206,11.836334079999999,15878721.526717557,28
w04,2,89,2446,9.23979776,3819274.786587771,181
w09,2,187,211,11.844014079999999,15679389.386934673,5
w09,2,187,214,11.848622079999998,15562174.346633416,3
w09,2,187,249,11.902382079999999,14313850.80733945,35
w04,2,89,2497,9.31813376,3744058.793116783,51
w09,2,187,256,11.913134079999999,14087849.374717833,7
w09,2,187,272,11.937710079999999,13597151.318082789,16
w09,2,187,280,11.949998079999999,13364407.263383297,8
w22,2,1,87,0.19523584,3643556.3181818184,1
w18,2,1,147,0.28739583999999996,3615902.7094594594,4
w06,2,43,346,3.1804211199999997,3604258.491002571,49
w09,2,187,324,12.017582079999999,12214568.430528376,44
w09,2,187,326,12.020654079999998,12166989.524366472,2
w09,2,187,327,12.022190079999998,12143338.846303502,1
w09,2,187,403,12.138926079999997,10580469.022033898,76
w09,2,187,404,12.140462079999999,10562583.372250423,1
w09,2,187,418,12.16196608,10318390.973553719,14
w04,2,89,2543,9.38878976,3678716.072948328,46
w14,2,77,22,4.77728768,40962697.666666664,15
w14,2,77,27,4.784967679999999,38993645.23076923,5
w09,2,187,489,12.271022079999998,9235684.951183433,71
w09,2,187,492,12.275630079999999,9194921.653902799,3
w09,2,187,493,12.277166079999999,9181413.651470589,1
w09,2,187,502,12.290990079999998,9061605.558780842,9
w09,2,187,503,12.292526079999998,9048486.453623189,1
w22,2,1,88,0.19677184,3602664.393258427,1
w66,2,2,66,0.22458368,3596914.8088235296,1
w80,2,1,23,0.09693183999999999,3590492.2916666665,1
w04,2,89,2615,9.499381759999999,3580900.5255177515,72
w05,2,9,14,0.5759385599999999,364000184.9130435,1
w05,2,9,23,0.5897625599999999,261627831.8125,9
w05,2,9,24,0.5912985599999999,253699997.6060606,1
w09,2,187,519,12.317102079999998,8843624.236543909,16
w09,2,187,553,12.369326079999999,8437697.504054055,34
w12,2,0,4,0.006144,3548741.5,1
w66,2,2,67,0.22611968,3544973.231884058,1
w69,2,1,66,0.16297984,3543234.552238806,10
w16,2,1,155,0.29968384000000003,3535704.480769231,16
w09,2,187,604,12.447662079999999,7894225.1289506955,51
w87,2,2,21,0.15546368,3532135.0,1
w29,2,1,89,0.19830783999999999,3529107.9,6
w34,2,40,348,2.9986815999999994,3524354.0231958763,13
w09,2,187,605,12.449198079999999,7884268.35479798,1
w72,2,1,15,0.08464384,3502645.625,1
w66,2,2,68,0.22765567999999997,3494502.1428571427,1
w29,2,1,90,0.19984384,3490931.7032967033,1
w75,2,1,13,0.08157183999999999,3467915.1428571427,9
w09,2,187,633,12.492206079999999,7615334.337804878,28
w09,2,187,634,12.493742079999999,7606068.818514007,1
w94,2,1,209,0.38262784000000005,3443688.9523809524,209
w13,2,1,400,0.67600384,3443177.009975062,24
w04,2,89,2724,9.666805759999999,3442346.0177746178,109
w29,2,1,92,0.20291584,3416816.935483871,2
w34,2,40,361,3.0186495999999994,3411286.2618453866,13
w09,2,187,655,12.525998079999999,7416566.235154394,21
w13,2,1,404,0.68214784,3409517.4320987654,4
w70,2,1,10,0.07696383999999999,3409386.909090909,4
w66,2,2,70,0.23072768,3397642.3333333335,2
w13,2,1,406,0.68521984,3392910.0663390663,2
w16,2,1,162,0.31043584,3385382.3312883438,7
w09,2,187,666,12.542894079999998,7321025.915592028,11
w29,2,1,93,0.20445184,3380930.5531914895,1
w34,2,40,366,3.0263295999999995,3369581.8645320195,5
w04,2,89,2788,9.76510976,3365883.595759472,64
w09,2,187,684,12.57054208,7169891.126291619,18
w04,2,89,2789,9.76664576,3364715.8502432243,1
w11,2,1,701,1.1383398400000002,3356056.95014245,63
w09,2,187,737,12.651950079999999,6759071.867965368,53
w09,2,187,753,12.676526079999999,6644153.821276596,16
w11,2,1,703,1.1414118400000002,3346820.028409091,2
w29,2,1,94,0.20598784,3345786.2210526317,1
w34,2,40,369,3.0309375999999997,3345043.0904645477,3
w11,2,1,704,1.1429478400000002,3342214.1021276596,1
w11,2,1,706,1.1460198400000001,3333023.254596888,2
w34,2,40,371,3.0340095999999996,3328874.2530413624,2
w78,2,1,41,0.12457984,3326769.1904761903,20
w29,2,1,95,0.20752384,3311347.0520833335,1
w66,2,2,72,0.23379967999999998,3305969.054054054,2
w72,2,1,16,0.08617984,3298461.117647059,1
w06,2,43,385,3.2403251199999996,3275912.6542056073,39
w09,2,187,764,12.693422079999998,6567386.790746583,11
w79,2,1,21,0.09385984,3259348.8181818184,21
w78,2,1,42,0.12611583999999998,3250702.6744186045,1
w01,2,46,408,3.4604646399999996,3246146.5660792952,80
w29,2,1,97,0.21059584,3244554.4693877553,2
w75,2,1,14,0.08310783999999999,3241676.1333333333,1
w91,2,1,31,0.10921983999999998,3232669.03125,7
w13,2,1,428,0.71901184,3220432.871794872,22
w66,2,2,74,0.23687167999999997,3219073.9078947366,2
w69,2,1,73,0.17373184,3218177.7027027025,7
w76,2,0,3,0.004608,3216728.0,1
w11,2,1,733,1.18749184,3213824.0258855587,27
w29,2,1,98,0.21213184,3212147.707070707,1
w01,2,46,415,3.4712166399999997,3196936.305856833,7
w29,2,1,99,0.21366784,3180384.73,1
w78,2,1,43,0.12765184,3177923.5454545454,1
w66,2,2,75,0.23840767999999998,3177297.8441558443,1
w18,2,1,168,0.31965184,3171115.798816568,21
w13,2,1,436,0.73129984,3162002.0434782607,8
w07,2,0,5,0.00768,3156635.8,1
w66,2,2,76,0.23994368,3136589.435897436,1
w32,2,3,113,0.35837951999999995,3122821.956896552,21
w31,2,97,2868,10.38082048,3101548.2438448565,2868
w10,2,21,17,1.3197926399999997,208817111.15789473,3
w14,2,77,28,4.78650368,38622332.21904762,1
w14,2,77,32,4.79264768,37205183.33944954,4
w14,2,77,39,4.80339968,34960342.5862069,7
w14,2,77,42,4.808007679999999,34079108.74789916,3
w14,2,77,85,4.87405568,25034575.98765432,43
w09,2,187,769,12.701102079999998,6533075.885983263,5
w09,2,187,772,12.705710079999998,6512660.915537017,3
w09,2,187,845,12.817838079999998,6052471.518410853,73
w09,2,187,889,12.885422079999998,5805249.843866171,44
w09,2,187,890,12.886958079999998,5799865.625812442,1
w09,2,187,949,12.977582079999998,5498971.014964789,59
w09,2,187,973,13.014446079999999,5385324.155172414,24
w09,2,187,988,13.037486079999999,5316651.4978723405,15
w09,2,187,997,13.051310079999999,5276281.403716216,9
w09,2,187,1072,13.166510079999998,4962298.603653694,75
w09,2,187,1155,13.293998079999998,4655727.637853949,83
w09,2,187,1156,13.295534079999998,4652264.934475056,1
w09,2,187,1196,13.356974079999999,4517853.469269703,40
w09,2,187,1202,13.366190079999999,4498358.938804896,6
w09,2,187,1231,13.410734079999997,4406460.058533145,29
w09,2,187,1414,13.691822079999998,3903321.292941911,183
w09,2,187,1422,13.704110079999998,3883936.394655065,8
w09,2,187,1425,13.708718079999999,3876716.323200993,3
w09,2,187,1482,13.79627008,3744464.6614739364,57
w09,2,187,1522,13.857710079999999,3656919.088355764,40
w09,2,187,1617,14.003630079999999,3464549.3902439023,95
w09,2,187,1691,14.117294079999999,3328185.8471778487,74
w09,2,187,1697,14.12651008,3317598.656581741,6
w09,2,187,1727,14.172590079999999,3265657.00261233,30
w09,2,187,1732,14.180270079999998,3257157.832204273,5
w09,2,187,1736,14.186414079999999,3250390.315652626,4
w09,2,187,1737,14.187950079999998,3248702.7952182954,1
w09,2,187,1739,14.191022079999998,3245333.0,2
w31,2,97,2869,10.382356479999999,3100503.393459204,1
w66,2,2,77,0.24147967999999997,3096905.9873417723,1
w69,2,1,76,0.17833984,3096727.8441558443,3
w80,2,1,27,0.10307584,3091276.1428571427,4
w53,2,24,346,2.00994816,3088802.5054054055,346
w60,2,1,59,0.15222784,3078054.4166666665,25
w74,2,0,8,0.012288,3066285.75,6
w09,2,187,1852,14.36459008,3065677.787150564,113
w11,2,1,770,1.24432384,3063882.097276265,37
w69,2,1,77,0.17987584,3058182.153846154,1
w63,2,6,95,0.51554304,3057820.3168316833,22
w75,2,1,15,0.08464384,3042072.25,1
w40,2,0,1,0.001536,3039034.0,1.0
w09,2,187,1878,14.404526079999998,3027122.848910412,26
w11,2,1,781,1.26121984,3022031.7877237853,11
w11,2,1,782,1.26275584,3018275.7343550446,1
w04,2,89,3126,10.28427776,3012543.355209953,337
w06,2,43,424,3.30022912,3002403.539614561,39
w04,2,89,3139,10.30424576,3000430.874535316,13
w06,2,43,425,3.3017651199999998,2995989.423076923,1
w04,2,89,3152,10.32421376,2988415.4554149956,13
w04,2,89,3154,10.327285759999999,2986575.4730188097,2
w06,2,43,427,3.3048371199999997,2983243.0085106385,2
w78,2,1,46,0.13225984,2977698.9787234045,3
w29,2,1,106,0.22441984,2974588.4392523365,7
w11,2,1,794,1.28118784,2973933.120754717,12
w06,2,43,429,3.3079091199999997,2970604.252118644,2
w11,2,1,795,1.28272384,2970295.7336683418,1
w11,2,1,797,1.28579584,2963046.0100250626,2
w04,2,89,3180,10.36722176,2962859.7870908533,26
w06,2,43,431,3.3109811199999997,2958071.5632911394,2
w04,2,89,3191,10.384117759999999,2952939.213109756,11
w11,2,1,800,1.2904038400000002,2952190.2446941324,3
w66,2,2,81,0.24762367999999998,2947721.373493976,4
w29,2,1,107,0.22595584,2947330.574074074,1
w60,2,1,62,0.15683584,2932376.015873016,3
w78,2,1,47,0.13379584,2916466.7291666665,1
w69,2,1,81,0.18601984,2913268.6341463416,4
w66,2,2,82,0.24915968,2912635.154761905,1
w27,2,1,99,0.21366784,2911357.68,24
w09,2,187,1961,14.532014079999998,2910289.0358472997,83
w87,2,2,26,0.16314367999999999,2909723.8928571427,5
w11,2,1,812,1.3088358400000002,2909539.1697416976,12
w79,2,1,24,0.09846784,2899934.96,3
w09,2,187,1970,14.54583808,2898160.6091794157,9
w35,2,0,7,0.010752000000000001,2892090.714285714,2
w80,2,1,29,0.10614784,2891136.3,2
w66,2,2,83,0.25069568,2878372.5529411766,1
w11,2,1,821,1.32265984,2878366.4756691,9
w11,2,1,822,1.32419584,2874939.8712029164,1
w75,2,1,16,0.08617984,2865533.0,1
w27,2,1,101,0.21673984,2855836.2156862747,2
w04,2,89,3314,10.57304576,2846377.0461357627,123
w69,2,1,83,0.18909183999999998,2845828.904761905,2
w04,2,89,3315,10.574581760000001,2845542.2373678028,1
w66,2,2,84,0.25223167999999996,2844904.965116279,1
w29,2,1,111,0.23209984,2843060.4553571427,4
w27,2,1,102,0.21827584,2828809.475728155,1
w09,2,187,2030,14.63799808,2819820.548940009,60
w29,2,1,112,0.23363584,2818120.0707964604,1
w69,2,1,84,0.19062784,2813284.505882353,1
w66,2,2,85,0.25376768,2812205.885057471,1
w87,2,2,27,0.16467968,2810994.0,1
w04,2,89,3357,10.63909376,2810917.68630296,42
w04,2,89,3358,10.64062976,2810103.576153177,1
w09,2,187,2046,14.662574079999999,2799639.932377967,16
w79,2,1,25,0.10000384,2797127.3076923075,1
w29,2,1,113,0.23517184,2793615.50877193,1
w66,2,2,86,0.25530368,2780249.4545454546,1
w04,2,89,3397,10.700533759999999,2778716.7555938037,39
w13,2,1,497,0.82499584,2777896.2710843375,61
w09,2,187,2068,14.696366079999999,2772358.976496674,22
w09,2,187,2071,14.700974079999998,2768680.019929141,3
w42,2,8,95,0.63875072,2763557.3980582524,32
w52,2,1,27,0.10307584,2754600.8571428573,23
w29,2,1,115,0.23824383999999998,2745840.0172413792,2
w42,2,8,96,0.64028672,2737556.9615384615,1
w01,2,46,493,3.5910246399999997,2735037.1057513915,78
w04,2,89,3467,10.80805376,2724107.909167604,70
w87,2,2,28,0.16621567999999998,2718557.466666667,1
w27,2,1,107,0.22595584,2701121.9166666665,5
w79,2,1,26,0.10153983999999999,2700706.296296296,1
w29,2,1,117,0.24131584,2699669.7288135593,2
w01,2,46,501,3.6033126399999995,2695106.3436928703,8
w63,2,6,109,0.53704704,2693130.6347826086,14
w69,2,1,88,0.19677184,2690181.6853932585,4
w16,2,1,205,0.37648384,2684242.2524271845,43
w11,2,1,882,1.41635584,2683275.2865232164,60
w16,2,1,206,0.37801984,2671365.0676328503,1
w11,2,1,888,1.4255718400000001,2665530.6287964005,6
w91,2,1,38,0.11997184,2664527.7435897435,7
w52,2,1,28,0.10461184,2663023.3103448274,1
w16,2,1,207,0.37955584,2658578.5576923075,1
w09,2,187,2165,14.845358079999999,2658159.1084183673,94
w07,2,0,6,0.009216,2655495.5,1
w09,2,187,2171,14.854574079999999,2651403.4240882103,6
w88,2,1,22,0.09539584,2646114.652173913,11
w09,2,187,2176,14.862254079999998,2645799.79305967,5
w61,2,8,112,0.6648627199999999,2645296.191666667,112
w78,2,1,52,0.14147584,2643774.3018867923,5
w11,2,1,899,1.4424678400000002,2633355.43,11
w16,2,1,210,0.38416384000000003,2620899.3507109005,3
w11,2,1,906,1.45321984,2613248.7706725467,7
w29,2,1,121,0.24745984,2611852.844262295,4
w69,2,1,91,0.20137984,2604755.7717391304,3
w01,2,46,528,3.6447846399999997,2568542.379790941,27
w01,2,46,529,3.6463206399999994,2564082.215652174,1
w01,2,46,531,3.6493926399999994,2555207.1525129983,2
w13,2,1,541,0.89257984,2554470.5387453875,44
w88,2,1,23,0.09693183999999999,2541743.0,1
w35,2,0,8,0.012288,2533444.875,1
w95,2,1,23,0.09693183999999999,2499122.75,20
w97,2,0,1,0.001536,2485213.0,1.0
w01,2,46,548,3.6755046399999998,2482166.9545454546,17
w10,2,21,3190,6.19352064,2481516.8916225475,3173
w14,2,77,88,4.87866368,24579458.86060606,3
w10,2,21,3193,6.19812864,2479208.5385812074,3
w01,2,46,549,3.6770406399999995,2478000.3831932773,1
w13,2,1,559,0.92022784,2473187.4267857145,18
w98,2,0,1,0.001536,2469203.0,1.0
w04,2,89,3835,11.37330176,2469059.221712538,368
w11,2,1,960,1.5361638400000002,2467936.6961498437,54
w10,2,21,3210,6.22424064,2466206.2986691426,17
w11,2,1,961,1.5376998400000002,2465396.9615384615,1
w11,2,1,965,1.54384384,2455283.267080745,4
w23,2,1,287,0.50243584,2453429.3958333335,287
w01,2,46,555,3.6862566399999994,2453290.81031614,6
w11,2,1,966,1.54537984,2452761.1427094107,1
w10,2,21,3229,6.2534246399999995,2451835.306153846,19
w10,2,21,3233,6.25956864,2448830.972034419,4
w29,2,1,130,0.26128384,2433840.2748091603,9
w23,2,1,290,0.50704384,2428548.8109965636,3
w23,2,1,293,0.51165184,2404175.0816326533,3
w87,2,2,32,0.17235968,2402576.205882353,4
w95,2,1,24,0.09846784,2402281.8,1
w05,2,9,3527,5.97190656,2376348.1029411764,3503
w14,2,77,90,4.881735679999999,24285128.095808383,2
w14,2,77,101,4.898631679999999,22784527.556179777,11
w08,2,32,295,2.42444288,21506473.42507645,1
w08,2,32,308,2.44441088,20684824.45,13
w08,2,32,321,2.46437888,19923682.886685554,13
w08,2,32,323,2.46745088,19811523.952112675,2
w59,2,1,48,0.13533183999999998,2371011.775510204,48
w11,2,1,1000,1.59760384,2369931.4835164836,34
w04,2,89,4000,11.62674176,2369602.7615553923,165
w14,2,77,110,4.91245568,21688064.828877006,9
w14,2,77,783,5.94618368,4717816.002325581,673
w20,2,1,1042,1.66211584,4148938.3279002877,4
w20,2,1,1066,1.69897984,4055714.758200562,24
w04,2,89,4002,11.629813760000001,2368446.426790516,2
w11,2,1,1002,1.60067584,2365231.7537387838,2
w11,2,1,1003,1.60221184,2362887.418326693,1
w11,2,1,1004,1.60374784,2360545.965174129,1
w11,2,1,1013,1.61757184,2339677.282051282,9
w04,2,89,4055,11.71122176,2338209.664816602,53
w87,2,2,33,0.17389568,2334766.4857142856,1
w13,2,1,594,0.9739878399999999,2329109.425210084,35
w59,2,1,49,0.13686784,2325334.4,1
w13,2,1,596,0.97705984,2321363.8308207705,2
w13,2,1,598,0.98013184,2313659.632721202,2
w29,2,1,137,0.27203584000000003,2311409.1811594204,7
w13,2,1,599,0.98166784,2309824.1016666666,1
w27,2,1,126,0.25513984,2307394.37007874,19
w79,2,1,31,0.10921983999999998,2297283.5,5
w04,2,89,4135,11.83410176,2294004.3094223486,80
w14,2,77,834,6.024519679999999,4453836.092206366,51
w14,2,77,881,6.096711679999999,4235446.424843424,47
w04,2,89,4142,11.84485376,2290215.8607894117,7
w27,2,1,127,0.25667584,2289893.3984375,1
w04,2,89,4150,11.857141760000001,2285901.5208775653,8
w13,2,1,606,0.9924198399999999,2283315.935749588,7
w59,2,1,50,0.13840384,2281411.9607843137,1
w29,2,1,139,0.27510784,2278634.2071428574,2
w04,2,89,4171,11.88939776,2274653.423943662,21
w90,2,5,147,0.5338111999999999,2271077.210526316,147
w14,2,77,883,6.09978368,4226627.511458334,2
w87,2,2,34,0.17543167999999998,2270489.1666666665,1
w84,2,0,11,0.016896,2268970.727272727,9
w29,2,1,140,0.27664384,2262593.3120567375,1
w04,2,89,4200,11.93394176,2259301.3970622523,29
w23,2,1,313,0.54237184,2253556.9968152866,20
w50,2,1,239,0.42870783999999995,2250325.1333333333,239
w14,2,77,1073,6.3916236799999995,3528700.867826087,190
w29,2,1,141,0.27817984,2246773.5985915493,1
w11,2,1,1056,1.6836198400000002,2244871.0946073793,43
w11,2,1,1061,1.69129984,2234340.0065913373,5
w23,2,1,316,0.54697984,2232510.7097791797,3
w29,2,1,142,0.27971584,2231174.881118881,1
w06,2,43,587,3.55059712,2225678.9365079366,156
w20,2,1,1069,1.7035878400000002,4044355.447663551,3
w04,2,89,4271,12.042997759999999,2222576.1224770644,71
w91,2,1,46,0.13225984,2221213.8723404254,8
w29,2,1,143,0.28125184000000003,2215782.25,1
w04,2,89,4287,12.06757376,2214464.262797075,16
w50,2,1,243,0.43485184,2214240.454918033,4
w04,2,89,4294,12.07832576,2210933.90782569,7
w87,2,2,35,0.17696768,2209576.081081081,1
w04,2,89,4297,12.08293376,2209424.3424532604,3
w50,2,1,245,0.43792383999999995,2196463.9674796746,2
w06,2,43,596,3.5644211199999996,2194335.868544601,9
w11,2,1,1082,1.7235558400000002,2191165.638965836,21
w06,2,43,598,3.56749312,2187490.2028081124,2
w29,2,1,145,0.28432384,2185627.0616438356,2
w11,2,1,1085,1.7281638400000001,2185129.011970534,3
w27,2,1,134,0.26742783999999997,2174173.2,7
w23,2,1,325,0.56080384,2171585.3496932513,9
w79,2,1,33,0.11229184,2166073.411764706,2
w50,2,1,249,0.44406784,2161735.636,4
w23,2,1,328,0.56541184,2151991.2310030395,3
w87,2,2,36,0.17850368,2151829.8947368423,1
w50,2,1,252,0.44867584000000005,2136391.33201581,3
w04,2,89,4491,12.380917759999999,2116004.331441048,194
w11,2,1,1122,1.7849958400000001,2113312.1887800535,37
w90,2,5,159,0.5522431999999999,2112418.4451219514,12
w11,2,1,1128,1.7942118400000002,2102100.823737821,6
w63,2,6,142,0.58773504,2100903.743243243,33
w87,2,2,37,0.18003967999999998,2096931.6666666667,1
w11,2,1,1133,1.8018918400000001,2092845.6005291005,5
w11,2,1,1134,1.8034278400000001,2091004.1330396475,1
w23,2,1,338,0.5807718399999999,2089140.168141593,10
w10,2,21,3805,7.13816064,2083759.8954521695,572
w61,2,8,145,0.71555072,2082142.5163398692,33
w84,2,0,12,0.018432,2080528.4166666667,1
w04,2,89,4586,12.52683776,2073082.6889839573,95
w04,2,89,4587,12.528373760000001,2072640.1494867408,1
w11,2,1,1149,1.82646784,2063755.932173913,15
w09,2,187,2854,15.903662079999998,2056604.2370930614,678
w09,2,187,2858,15.90980608,2053906.66272578,4
w79,2,1,35,0.11536384,2048599.4166666667,2
w10,2,21,3871,7.23953664,2048540.6094552928,66
w63,2,6,146,0.59387904,2046559.0065789474,4
w11,2,1,1159,1.84182784,2045981.4362068966,10
w87,2,2,38,0.18157568,2044768.7,1
w11,2,1,1162,1.84643584,2040706.2072227,3
w09,2,187,2887,15.954350079999998,2034557.7033181523,29
w11,2,1,1166,1.8525798400000002,2033713.0128534704,4
w11,2,1,1167,1.8541158400000002,2031972.07619863,1
w11,2,1,1168,1.8556518400000002,2030234.0701454235,1
w09,2,187,2894,15.965102079999998,2029941.70593963,7
w09,2,187,2895,15.96663808,2029283.9685269305,1
w11,2,1,1169,1.8571878400000001,2028498.9282051283,1
w11,2,1,1171,1.86025984,2025037.3523890786,2
w18,2,1,266,0.47017984,2018617.8464419476,98
w59,2,1,57,0.14915583999999998,2015846.4827586208,7
w37,2,4,73,0.35854336,2010429.844155844,68
w23,2,1,354,0.60534784,1995930.718309859,16
w87,2,2,39,0.18311168,1995096.8536585367,1
w04,2,89,4778,12.82174976,1991448.4692829258,191
w23,2,1,355,0.60688384,1990378.2837078653,1
w04,2,89,4784,12.83096576,1989001.0071824337,6
w89,2,1,19,0.09078784,1987306.6,12
w04,2,89,4790,12.84018176,1986559.5228530436,6
w29,2,1,160,0.30736384,1983313.291925466,15
w04,2,89,4820,12.88626176,1974441.4245263801,30
w10,2,21,4019,7.46686464,1973743.4477722773,148
w42,2,8,138,0.70479872,1964581.3287671234,42
w29,2,1,162,0.31043584,1959130.5766871166,2
w29,2,1,163,0.31197184,1947253.0609756098,1
w09,2,187,3026,16.167854079999998,1946659.710550887,131
w29,2,1,164,0.31350784,1935516.3636363635,1
w18,2,1,278,0.48861184,1932738.6093189963,12
w27,2,1,152,0.29507584,1924604.1764705882,18
w29,2,1,165,0.31504383999999996,1923918.343373494,1
w88,2,1,31,0.10921983999999998,1914792.71875,8
w04,2,89,5007,13.17349376,1902120.7127158556,187
w29,2,1,167,0.31811584000000004,1901132.0952380951,2
w78,2,1,73,0.17373184,1900582.7837837837,21
w29,2,1,168,0.31965184,1889936.50295858,1
w95,2,1,31,0.10921983999999998,1887888.4375,7
w09,2,187,3133,16.33220608,1884010.280120482,107
w29,2,1,169,0.32118784,1878872.3,1
w29,2,1,170,0.32272384,1867937.2865497076,1
w04,2,89,5112,13.334773760000001,1863791.5645068255,105
w59,2,1,62,0.15683584,1861604.6825396826,5
w88,2,1,32,0.11075584,1857458.303030303,1
w29,2,1,171,0.32425983999999997,1857125.4941860465,1
w04,2,89,5136,13.371637759999999,1855246.7404784688,24
w78,2,1,75,0.17680384,1851073.0131578948,2
w29,2,1,172,0.32579583999999995,1846438.5549132947,1
w04,2,89,5168,13.42078976,1843974.9817386342,32
w04,2,89,5228,13.51294976,1823205.7248448373,60
w04,2,89,5242,13.53445376,1818426.59257175,14
w69,2,1,134,0.26742783999999997,1793434.3777777778,43
w69,2,1,135,0.26896384,1780591.4705882352,1
w95,2,1,33,0.11229184,1779285.5,2
w53,2,24,626,2.44002816,1760578.5753846155,280
w14,2,77,2237,8.17952768,1754809.2476231633,1164
w14,2,77,2238,8.18106368,1754052.1879049677,1
w91,2,1,59,0.15222784,1749939.4,13
w01,2,46,800,4.06257664,1743575.209219858,245
w01,2,46,802,4.065648639999999,1739468.9799528301,2
w14,2,77,2258,8.21178368,1739046.9366167025,20
w01,2,46,803,4.06718464,1737423.0341578329,1
w01,2,46,804,4.0687206399999996,1735381.3988235295,1
w04,2,89,5502,13.93381376,1734019.9382936864,260
w14,2,77,2273,8.23482368,1727960.5927659573,15
w79,2,1,42,0.12611583999999998,1722783.3255813953,7
w91,2,1,60,0.15376383999999998,1721868.31147541,1
w04,2,89,5547,14.00293376,1720201.1080553585,45
w01,2,46,837,4.11940864,1670593.0758776898,33
w01,2,46,844,4.13016064,1657463.1539325842,7
w01,2,46,845,4.1316966399999995,1655604.199775533,1
w18,2,1,326,0.5623398399999999,1652231.5565749235,48
w18,2,1,327,0.56387584,1647250.0,1
w80,2,1,53,0.14301184,1645028.5185185184,24
w01,2,46,851,4.14091264,1644537.4760312152,6
w18,2,1,328,0.56541184,1642292.6838905774,1
w14,2,77,2405,8.43757568,1636174.7401289283,132
w14,2,77,2407,8.44064768,1634859.0406602256,2
w04,2,89,5909,14.55896576,1616575.7439146382,362
w80,2,1,54,0.14454783999999998,1616456.0,1
w04,2,89,5926,14.58507776,1612015.957605985,17
w87,2,2,49,0.19847167999999998,1605094.8823529412,10
w25,2,13,1432,3.00040192,1599070.6096885812,1432
w04,2,89,6000,14.69874176,1592463.995730005,74
w80,2,1,55,0.14608384,1588769.7142857143,1
w87,2,2,50,0.20000768,1574341.1153846155,1
w20,2,1,2763,4.30557184,1568157.3560057888,1694
w14,2,77,2513,8.60346368,1568031.7922779922,106
w78,2,1,89,0.19830783999999999,1565886.1,14
w10,2,21,5082,9.09963264,1563953.5000979817,1063
w21,2,1,1,0.06313983999999999,2310371031.0,1
w14,2,77,2528,8.626503679999999,1559014.229174664,15
w27,2,1,189,0.35190783999999997,1557912.9368421054,37
w59,2,1,75,0.17680384,1554552.25,13
w19,2,0,225,0.3456,1543402.8266666667,225.0
w19,2,0,226,0.347136,1542812.4955752213,1
w09,2,187,3879,17.478062079999997,1538852.5297589768,746
w09,2,187,3882,17.48267008,1537719.7178667977,3
w09,2,187,3883,17.48420608,1537342.4737100736,1
w78,2,1,91,0.20137984,1532206.5760869565,2
w09,2,187,3908,17.52260608,1527971.1001221002,25
w04,2,89,6284,15.13496576,1521640.4242899732,284
w19,2,0,234,0.359424,1521534.017094017,8
w09,2,187,3937,17.567150079999998,1517242.5693501455,29
w09,2,187,3948,17.58404608,1513212.4074969771,11
w09,2,187,3951,17.588654079999998,1512116.9166263896,3
w27,2,1,195,0.36112384,1511451.219387755,6
w80,2,1,58,0.15069184,1510685.779661017,3
w07,2,0,11,0.016896,1509774.9090909092,5
w19,2,0,242,0.371712,1501579.5454545454,8
w63,2,6,204,0.68296704,1491137.5714285714,58
w20,2,1,2911,4.53289984,1488663.0295329671,148
w80,2,1,59,0.15222784,1486138.75,1
w18,2,1,363,0.61917184,1485924.195054945,35
w63,2,6,205,0.68450304,1484175.5687203791,1
w79,2,1,49,0.13686784,1482359.68,7
w63,2,6,206,0.68603904,1477274.4858490566,1
w18,2,1,367,0.62531584,1469928.733695652,4
w04,2,89,6516,15.49131776,1468303.4204390612,232
w35,2,0,14,0.021504000000000002,1456963.357142857,6
w63,2,6,209,0.69064704,1456953.4837209303,3
w79,2,1,50,0.13840384,1453364.9019607843,1
w63,2,6,210,0.69218304,1450303.6666666667,1
w04,2,89,6605,15.62802176,1448822.4762473856,89
w63,2,6,212,0.6952550399999999,1437174.2201834864,2
w82,2,2,77,0.24147967999999997,1423813.3037974683,77
w48,2,1,326,0.5623398399999999,6890105.688073395,62
w19,2,0,269,0.413184,1422877.5092936803,27
w48,2,1,329,0.56694784,6827606.878787879,3
w59,2,1,83,0.18909183999999998,1412348.4047619049,8
w95,2,1,42,0.12611583999999998,1412157.0232558139,9
w82,2,2,78,0.24301567999999998,1407355.5625,1
w48,2,1,364,0.62070784,6174180.871232877,35
w48,2,1,1354,2.1413478400000003,1672813.4944649446,990
w18,2,1,384,0.65142784,1405615.0961038962,17
w48,2,1,1364,2.15670784,1660645.0065934067,10
w37,2,4,107,0.41076735999999997,1403120.3243243243,34
w20,2,1,3098,4.82013184,1399070.4207808971,187
w24,2,17,396,1.6555212799999999,1395617.2227602906,260
w94,2,1,532,0.87875584,1394435.219512195,323
w63,2,6,219,0.70600704,1392998.1244444444,7
w20,2,1,3114,4.84470784,1391904.1393258427,16
w82,2,2,79,0.24455168,1390466.3209876544,1
w19,2,0,283,0.434688,1385695.625441696,14
w08,2,32,5108,9.817210880000001,1382399.3688715952,4785
w21,2,1,2,0.06467584,1540249385.0,1
w54,2,121,130,7.653744639999999,15549255.310756972,9
w34,2,40,379,3.0462975999999995,3265561.183770883,8
w34,2,40,380,3.0478335999999997,3257812.580952381,1
w34,2,40,426,3.1184895999999993,2937297.0858369097,46
w34,2,40,428,3.1215615999999997,2924784.5042735045,2
w59,2,1,85,0.19216384,1380775.1627906978,2
w69,2,1,176,0.33193984,1377876.9096045198,41
w01,2,46,1028,4.41278464,1373694.775605214,177
w21,2,1,22,0.09539584,200906128.0,20
w03,2,266,403,17.00562944,14041365.756352765,2
w09,2,187,4369,18.23070208,1373583.1031606672,418
w21,2,1,34,0.11382783999999999,132024981.14285715,12
w03,2,266,432,17.05017344,13458214.901146132,29
w03,2,266,572,17.26521344,11210707.931980906,140
w64,2,5,15,0.33105919999999994,36689696.5,15
w64,2,5,45,0.37713919999999995,14676109.9,30
w21,2,1,385,0.65296384,11972938.445595855,351
w03,2,266,594,17.29900544,10924045.080232559,22
w64,2,5,71,0.4170751999999999,9655396.013157895,26
w64,2,5,80,0.4308991999999999,8633072.282352941,9
w64,2,5,108,0.4739072,6493931.522123894,28
w64,2,5,109,0.47544319999999995,6436968.03508772,1
w64,2,5,192,0.6029312,3724983.69035533,83
w03,2,266,2916,20.86559744,2955919.2350722817,2322
w46,2,6,2,0.37269504,115560782.625,2
w54,2,121,131,7.655280639999999,15487572.702380951,1
w65,2,15,47,0.9962496,9726501.290322581,15
w65,2,15,50,1.0008576,9278199.923076924,3
w65,2,15,51,1.0023936,9137797.227272727,1
w65,2,15,81,1.0484736,6284951.145833333,30
w65,2,15,82,1.0500095999999999,6220220.835051547,1
w65,2,15,98,1.0745855999999998,5340260.982300885,16
w65,2,15,100,1.0776576,5247473.1217391305,2
w65,2,15,102,1.0807296,5157848.965811966,2
w65,2,15,112,1.0960896,4752057.503937008,10
w65,2,15,119,1.1068415999999999,4503991.731343283,7
w65,2,15,123,1.1129856,4373533.485507246,4
w15,2,1,108,0.22749184,3340823.9449541285,108
w46,2,6,3,0.37423103999999996,102721495.1111111,1
w54,2,121,1144,9.211248639999999,3088525.7264822135,1013
w43,2,6,1,0.37115903999999994,62072288.85714286,1
w43,2,6,2,0.37269504,54314955.5,1
w43,2,6,3,0.37423103999999996,48281146.666666664,1
w43,2,6,4,0.37576703999999994,43453863.4,1
w85,2,6,5,0.37730304,24742743.727272727,1
w81,2,4,6,0.25563136,20517341.3,1
w49,2,10,16,0.6406143999999999,20493766.769230768,16
w81,2,4,7,0.25716735999999996,18652966.90909091,1
w46,2,6,51,0.44795904,16224032.47368421,48
w92,2,6,11,0.38651904,13817106.647058824,5
w81,2,4,11,0.26331136,13681035.933333334,4
w81,2,4,12,0.26484736,12826390.125,1
w85,2,6,16,0.39419903999999995,12374652.681818182,11
w92,2,6,14,0.39112704,11745189.0,3
w92,2,6,15,0.39266303999999996,11186038.80952381,1
w92,2,6,16,0.39419903999999995,10677690.636363637,1
w81,2,4,16,0.27099135999999996,10262311.05,4
w85,2,6,22,0.40341503999999995,9724044.785714285,6
w44,2,4,15,0.26945536,9228591.105263159,2
w92,2,6,20,0.40034304,9035320.192307692,4
w92,2,6,28,0.41263103999999995,6909880.352941177,8
w81,2,4,26,0.28635135999999994,6843243.8,10
w99,2,3,24,0.22167552,6762354.518518519,1
w92,2,6,29,0.41416703999999993,6712509.057142857,1
w92,2,6,30,0.41570303999999997,6526087.444444444,1
w99,2,3,30,0.23089152,5533127.7272727275,6
w99,2,3,40,0.24625151999999997,4246519.930232558,10
w99,2,3,46,0.25546751999999995,3726622.93877551,6
w54,2,121,1149,9.21892864,3076381.6322834645,5
w54,2,121,1151,9.22200064,3071549.5880503147,2
w65,2,15,186,1.2097536,3003577.1343283583,63
w38,2,5,14,0.32952319999999996,8997789.0,1
w21,2,1,415,0.69904384,11109634.14423077,30
w105,2,4,17,0.27252736,7243352.238095238,6
w65,2,15,187,1.2112896,2988721.3217821782,1
w22,2,1,107,0.22595584,2969360.138888889,19
w31,2,97,3096,10.731028479999999,2880193.8731600377,227
w21,2,1,448,0.74973184,10293234.61247216,33
w44,2,4,16,0.27099135999999996,8767549.2,1
w44,2,4,17,0.27252736,8350346.952380952,1
w38,2,5,16,0.3325951999999999,8142000.714285715,2
w44,2,4,20,0.27713536,7307289.5,3
w44,2,4,22,0.28020735999999996,6745612.5,2
w38,2,5,30,0.35409919999999995,4889993.857142857,14
w38,2,5,38,0.3663871999999999,3982083.604651163,8
w38,2,5,39,0.36792319999999995,3891795.022727273,1
w38,2,5,40,0.36945919999999993,3805504.9555555554,1
w38,2,5,41,0.37099519999999997,3722931.6739130435,1
w105,2,4,40,0.30785535999999997,3462183.3863636362,23
w21,2,1,1339,2.11830784,3450053.3402985074,891
